<?xml version="1.0" encoding="UTF-8"?>
<!DOCTYPE catalog PUBLIC "-//OASIS//DTD XML Catalogs V1.1//EN" "http://www.oasis-open.org/committees/entity/release/1.1/catalog.dtd">
<catalog xmlns="urn:oasis:names:tc:entity:xmlns:xml:catalog">
   <group xml:base="ts_102809v010101p0/">
      <!-- W3C XML Schemas -->
      <uri name="urn:dvb:mhp:2009" uri="mis_xmlait.xsd"/>
      <!-- DTDs -->
      <!-- FIXME: please fill in the public and/or system ID for this DTD, and remove any unneeded entry -->
      <public publicId="" uri="mis-adf.dtd"/>
      <system systemId="" uri="mis-adf.dtd"/>
   </group>
   <group xml:base="ts_102809v010201p0/">
      <!-- W3C XML Schemas -->
      <uri name="urn:dvb:mhp:2009" uri="mis_xmlait.xsd"/>
      <uri name="urn:dvb:mis:dsmcc:2009" uri="stream-event.xsd"/>
   </group>
   <group xml:base="ts_102809v010301p0/">
      <!-- W3C XML Schemas -->
      <uri name="urn:dvb:mhp:2009" uri="mis_xmlait.xsd"/>
      <uri name="urn:dvb:mis:dsmcc:2009" uri="stream-event.xsd"/>
   </group>
</catalog>
