<?xml version="1.0" encoding="UTF-8"?>
<!DOCTYPE catalog PUBLIC "-//OASIS//DTD XML Catalogs V1.1//EN" "http://www.oasis-open.org/committees/entity/release/1.1/catalog.dtd">
<catalog xmlns="urn:oasis:names:tc:entity:xmlns:xml:catalog">
   <group xml:base="2007/">
      <!-- Classification Schemes -->
      <uri name="urn:dvb:metadata:cs:BCGTypeCS:2007" uri="BCGTypeCS.xml"/>
      <uri name="urn:dvb:metadata:cs:ParentalGuidanceCS:2007" uri="ParentalGuidanceCS.xml"/>
      <uri name="urn:dvb:metadata:cs:AudioCodecCS:2007" uri="AudioCodecCS.xml"/>
      <uri name="urn:dvb:metadata:cs:VideoCodecCS:2007" uri="VideoCodecCS.xml"/>
   </group>
   <group xml:base="2017/">
      <!-- Classification Schemes -->
      <uri name="urn:dvb:metadata:cs:VideoConformancePointsCS:2017" uri="VideoConformancePointsCS.xml"/>
      <uri name="urn:dvb:metadata:cs:AudioConformancePointsCS:2017" uri="AudioConformancePointsCS.xml"/>
   </group>
   <group xml:base="2021/">
      <!-- Classification Schemes -->
      <uri name="urn:dvb:metadata:cs:VideoConformancePointsCS:2021" uri="VideoConformancePointsCS.xml"/>
      <uri name="urn:dvb:metadata:cs:VideoCodecCS:2021" uri="VideoCodecCS.xml"/>
   </group>
   <group xml:base="2020/">
      <!-- Classification Schemes -->
      <uri name="urn:dvb:metadata:cs:AudioCodecCS:2020" uri="AudioCodecCS.xml"/>
      <uri name="urn:dvb:metadata:cs:VideoCodecCS:2020" uri="VideoCodecCS.xml"/>
   </group>
   <group xml:base="2005/">
      <!-- Classification Schemes -->
      <uri name="urn:dvb:metadata:cs:ParentalGuidanceCS:2005" uri="ParentalGuidanceCS.xml"/>
   </group>
</catalog>
