<?xml version="1.0" encoding="UTF-8"?>
<!--
	MPEG-7 orginating Classification Scheme that validates against the MPEG-7 Schemas
-->

<Mpeg7 xmlns="urn:mpeg:mpeg7:schema:2001" xmlns:xsi="http://www.w3.org/2001/XMLSchema-instance" 
xsi:schemaLocation="urn:mpeg:mpeg7:schema:2001 ./Mpeg7-2001.xsd">
	<Description xsi:type="ClassificationSchemeDescriptionType">

		<ClassificationScheme uri="urn:mpeg:cs:VisualCodingFormatCS:2001">

			<Term termID="1">

				<Name xml:lang="en">MPEG-1 Video</Name>

				<Definition xml:lang="en">MPEG-1 Video Coding Format</Definition>

			</Term>

			<Term termID="2">

				<Name xml:lang="en">MPEG-2 Video</Name>

				<Definition xml:lang="en">MPEG-2 Video Coding Format</Definition>

				<Term termID="2.1">

					<Name xml:lang="en">MPEG-2 Video Simple Profile</Name>

					<Term termID="2.1.1">

						<Name xml:lang="en">MPEG-2 Video Simple Profile @ Main Level</Name>

					</Term>

				</Term>

				<Term termID="2.2">

					<Name xml:lang="en">MPEG-2 Video Main Profile</Name>

					<Term termID="2.2.1">

						<Name xml:lang="en">MPEG-2 Video Main Profile @ Low Level</Name>

					</Term>

					<Term termID="2.2.2">

						<Name xml:lang="en">MPEG-2 Video Main Profile @ Main Level</Name>

					</Term>

					<Term termID="2.2.3">

						<Name xml:lang="en">MPEG-2 Video Main Profile @ High 1440 Level</Name>

					</Term>

					<Term termID="2.2.4">

						<Name xml:lang="en">MPEG-2 Video Main Profile @ High Level </Name>

					</Term>

				</Term>

				<Term termID="2.3">

					<Name xml:lang="en">MPEG-2 Video SNR Scalable Profile</Name>

					<Term termID="2.3.1">

						<Name xml:lang="en">MPEG-2 SNR Scalable Profile @ Low Level</Name>

					</Term>

					<Term termID="2.3.2">

						<Name xml:lang="en">MPEG-2 Video SNR Scalable Profile @ Main Level</Name>

					</Term>

				</Term>

				<Term termID="2.4">

					<Name xml:lang="en">MPEG-2 Video Spatial Scalable Profile</Name>

					<Term termID="2.4.1">

						<Name xml:lang="en">

 					MPEG-2 Video Spatial Scalable Profile @ Main Level

 				</Name>

					</Term>

					<Term termID="2.4.2">

						<Name xml:lang="en">

 					MPEG-2 Video Spatial Scalable Profile @ High 1440 Level

 				</Name>

					</Term>

					<Term termID="2.4.3">

						<Name xml:lang="en">

 					MPEG-2 Video Spatial Scalable Profile @ High Level

 				</Name>

					</Term>

				</Term>

				<Term termID="2.5">

					<Name xml:lang="en">MPEG-2 Video High Profile</Name>

					<Term termID="2.5.1">

						<Name xml:lang="en">MPEG-2 Video High Profile @ Main Level</Name>

					</Term>

					<Term termID="2.5.2">

						<Name xml:lang="en">MPEG-2 Video High Profile @ High 1440 Level</Name>

					</Term>

					<Term termID="2.5.3">

						<Name xml:lang="en">MPEG-2 Video High Profile @ High Level</Name>

					</Term>

				</Term>

				<Term termID="2.6">

					<Name xml:lang="en">MPEG-2 Video Multiview Profile</Name>

					<Term termID="2.6.1">

						<Name xml:lang="en">MPEG-2 Video Multiview Profile @ Main Level</Name>

					</Term>

				</Term>

				<Term termID="2.7">

					<Name xml:lang="en">MPEG-2 Video 4:2:2 Profile</Name>

					<Term termID="2.7.1">

						<Name xml:lang="en">MPEG-2 Video 4:2:2 Profile @ Main Level</Name>

					</Term>

				</Term>

			</Term>

			<Term termID="3">

				<Name xml:lang="en">MPEG-4 Visual</Name>

				<Definition xml:lang="en">MPEG-4 Visual Coding Format</Definition>

				<Term termID="3.1">

					<Name xml:lang="en">MPEG-4 Visual Simple Profile</Name>

					<Term termID="3.1.1">

						<Name xml:lang="en">MPEG-4 Visual Simple Profile @ Level 0</Name>

					</Term>

					<Term termID="3.1.2">

						<Name xml:lang="en">MPEG-4 Visual Simple Profile @ Level 1</Name>

					</Term>

					<Term termID="3.1.3">

						<Name xml:lang="en">MPEG-4 Visual Simple Profile @ Level 2</Name>

					</Term>

					<Term termID="3.1.4">

						<Name xml:lang="en">MPEG-4 Visual Simple Profile @ Level 3</Name>

					</Term>

				</Term>

				<Term termID="3.2">

					<Name xml:lang="en">MPEG-4 Visual Simple Scalable Profile</Name>

					<Term termID="3.2.1">

						<Name xml:lang="en">

 					MPEG-4 Visual Simple Scalable Profile @ Level 1

 				</Name>

					</Term>

					<Term termID="3.2.2">

						<Name xml:lang="en">

 					MPEG-4 Visual Simple Scalable Profile @ Level 2

 				</Name>

					</Term>

				</Term>

				<Term termID="3.3">

					<Name xml:lang="en">MPEG-4 Visual Advanced Simple Profile</Name>

					<Term termID="3.3.1">

						<Name xml:lang="en">

 					MPEG-4 Visual Advanced Simple Profile @ Level 0

 				</Name>

					</Term>

					<Term termID="3.3.2">

						<Name xml:lang="en">

 					MPEG-4 Visual Advanced Simple Profile @ Level 1

 				</Name>

					</Term>

					<Term termID="3.3.3">

						<Name xml:lang="en">

 					MPEG-4 Visual Advanced Simple Profile @ Level 2

 				</Name>

					</Term>

					<Term termID="3.3.4">

						<Name xml:lang="en">

 					MPEG-4 Visual Advanced Simple Profile @ Level 3

 				</Name>

					</Term>

					<Term termID="3.3.5">

						<Name xml:lang="en">

 					MPEG-4 Visual Advanced Simple Profile @ Level 4

 				</Name>

					</Term>

					<Term termID="3.3.6">

						<Name xml:lang="en">

 					MPEG-4 Visual Advanced Simple Profile @ Level 5

 				</Name>

					</Term>

				</Term>

				<Term termID="3.4">

					<Name xml:lang="en">MPEG-4 Visual Core Profile</Name>

					<Term termID="3.4.1">

						<Name xml:lang="en">MPEG-4 Visual Core Profile@ Level 1</Name>

					</Term>

					<Term termID="3.4.2">

						<Name xml:lang="en">MPEG-4 Visual Core Profile@ Level 2</Name>

					</Term>

				</Term>

				<Term termID="3.5">

					<Name xml:lang="en">MPEG-4 Visual Core-Scalable Profile</Name>

					<Term termID="3.5.1">

						<Name xml:lang="en">

 					MPEG-4 Visual Core-Scalable Profile @ Level 1

 				</Name>

					</Term>

					<Term termID="3.5.2">

						<Name xml:lang="en">

 					MPEG-4 Visual Core-Scalable Profile @ Level 2

 				</Name>

					</Term>

					<Term termID="3.5.3">

						<Name xml:lang="en">

 					MPEG-4 Visual Core-Scalable Profile @ Level 3

 				</Name>

					</Term>

				</Term>

				<Term termID="3.6">

					<Name xml:lang="en">MPEG-4 Visual Advanced Core Profile</Name>

					<Term termID="3.6.1">

						<Name xml:lang="en">

 					MPEG-4 Visual Advanced Core Profile @ Level 1

 				</Name>

					</Term>

					<Term termID="3.6.2">

						<Name xml:lang="en">

 					MPEG-4 Visual Advanced Core Profile @ Level 2

 				</Name>

					</Term>

				</Term>

				<Term termID="3.7">

					<Name xml:lang="en">MPEG-4 Visual Main Profile</Name>

					<Term termID="3.7.1">

						<Name xml:lang="en">MPEG-4 Visual Main Profile @ Level 2</Name>

					</Term>

					<Term termID="3.7.2">

						<Name xml:lang="en">MPEG-4 Visual Main Profile @Level 3</Name>

					</Term>

					<Term termID="3.7.3">

						<Name xml:lang="en">MPEG-4 Visual Main Profile @Level 4</Name>

					</Term>

				</Term>

				<Term termID="3.8">

					<Name xml:lang="en">MPEG-4 Visual N-bit Profile</Name>

					<Term termID="3.8.1">

						<Name xml:lang="en">MPEG-4 Visual N-bit Profile @ Level 2</Name>

					</Term>

				</Term>

				<Term termID="3.9">

					<Name xml:lang="en">MPEG-4 Visual Advanced Real Time Simple Profile</Name>

					<Term termID="3.9.1">

						<Name xml:lang="en">

 					MPEG-4 Visual Advanced Real Time Simple Profile @ Level 1

 				</Name>

					</Term>

					<Term termID="3.9.2">

						<Name xml:lang="en">

 					MPEG-4 Visual Advanced Real Time Simple Profile @ Level 2

 				</Name>

					</Term>

					<Term termID="3.9.3">

						<Name xml:lang="en">

 					MPEG-4 Visual Advanced Real Time Simple Profile @ Level 3

 				</Name>

					</Term>

					<Term termID="3.9.4">

						<Name xml:lang="en">

 					MPEG-4 Visual Advanced Real Time Simple Profile @ Level 4

 				</Name>

					</Term>

				</Term>

				<Term termID="3.10">

					<Name xml:lang="en">MPEG-4 Visual Advanced Coding Efficiency Profile</Name>

					<Definition xml:lang="en">MPEG-4 V2 Visual coding Format</Definition>

					<Term termID="3.10.1">

						<Name xml:lang="en">

 					MPEG-4 Visual Advanced Coding Efficiency Profile @ Level 1

 				</Name>

					</Term>

					<Term termID="3.10.2">

						<Name xml:lang="en">

 					MPEG-4 Visual Advanced Coding Efficiency Profile @ Level 2

 				</Name>

					</Term>

					<Term termID="3.10.3">

						<Name xml:lang="en">

 					MPEG-4 Visual Advanced Coding Efficiency Profile @ Level 3

 				</Name>

					</Term>

					<Term termID="3.10.4">

						<Name xml:lang="en">

 					MPEG-4 Visual Advanced Coding Efficiency Profile @ Level 4

 				</Name>

					</Term>

				</Term>

				<Term termID="3.11">

					<Name xml:lang="en">MPEG-4 Visual Simple Studio Profile</Name>

					<Term termID="3.11.1">

						<Name xml:lang="en">

 					MPEG-4 Visual Simple Studio Profile @ Level 1

 				</Name>

					</Term>

					<Term termID="3.11.2">

						<Name xml:lang="en">

 					MPEG-4 Visual Simple Studio Profile @ Level 2

 				</Name>

					</Term>

					<Term termID="3.11.3">

						<Name xml:lang="en">

 					MPEG-4 Visual Simple Studio Profile @ Level 3

 				</Name>

					</Term>

					<Term termID="3.11.4">

						<Name xml:lang="en">

 					MPEG-4 Visual Simple Studio Profile @ Level 4

 				</Name>

					</Term>

				</Term>

				<Term termID="3.12">

					<Name xml:lang="en">MPEG-4 Visual Core Studio Profile</Name>

					<Term termID="3.12.1">

						<Name xml:lang="en">MPEG-4 Visual Core Studio Profile @ Level 1</Name>

					</Term>

					<Term termID="3.12.2">

						<Name xml:lang="en">MPEG-4 Visual Core Studio Profile @ Level 2</Name>

					</Term>

					<Term termID="3.12.3">

						<Name xml:lang="en">MPEG-4 Visual Core Studio Profile @ Level 3</Name>

					</Term>

					<Term termID="3.12.4">

						<Name xml:lang="en">MPEG-4 Visual Core Studio Profile @ Level 4</Name>

					</Term>

				</Term>

				<Term termID="3.13">

					<Name xml:lang="en">MPEG-4 Visual Fine Granularity Scalable Profile</Name>

					<Term termID="3.13.1">

						<Name xml:lang="en">

 					MPEG-4 Visual Fine Granularity Scalable Profile @ Level 0

 				</Name>

					</Term>

					<Term termID="3.13.2">

						<Name xml:lang="en">

 					MPEG-4 Visual Fine Granularity Scalable Profile @ Level 1

 				</Name>

					</Term>

					<Term termID="3.13.3">

						<Name xml:lang="en">

 					MPEG-4 Visual Fine Granularity Scalable Profile @ Level 2

 				</Name>

					</Term>

					<Term termID="3.13.4">

						<Name xml:lang="en">

 					MPEG-4 Visual Fine Granularity Scalable Profile @ Level 3

 				</Name>

					</Term>

					<Term termID="3.13.5">

						<Name xml:lang="en">

 					MPEG-4 Visual Fine Granularity Scalable Profile @ Level 4

 				</Name>

					</Term>

					<Term termID="3.13.6">

						<Name xml:lang="en">

 					MPEG-4 Visual Fine Granularity Scalable Profile @ Level 5

 				</Name>

					</Term>

				</Term>

				<Term termID="3.14">

					<Name xml:lang="en">MPEG-4 Visual Simple Face Animation Profile</Name>

					<Term termID="3.14.1">

						<Name xml:lang="en">

 					MPEG-4 Visual Simple Face Animation Profile @ Level 1

 				</Name>

					</Term>

					<Term termID="3.14.2">

						<Name xml:lang="en">

 					MPEG-4 Visual Simple Face Animation Profile @ Level 2

 				</Name>

					</Term>

				</Term>

				<Term termID="3.15">

					<Name xml:lang="en">MPEG-4 Visual Simple FBA Profile</Name>

					<Term termID="3.15.1">

						<Name xml:lang="en">MPEG-4 Visual Simple FBA Profile @ Level 1</Name>

					</Term>

					<Term termID="3.15.2">

						<Name xml:lang="en">MPEG-4 Visual Simple FBA Profile @ Level 2</Name>

					</Term>

				</Term>

				<Term termID="3.16">

					<Name xml:lang="en">MPEG-4 Visual Basic Animated Texture Profile</Name>

					<Term termID="3.16.1">

						<Name xml:lang="en">

 					MPEG-4 Visual Basic Animated Texture Profile @ Level 1

 				</Name>

					</Term>

					<Term termID="3.16.2">

						<Name xml:lang="en">

 					MPEG-4 Visual Basic Animated Texture Profile @Level 2

 				</Name>

					</Term>

				</Term>

				<Term termID="3.17">

					<Name xml:lang="en">MPEG-4 Visual Scalable Texture Profile</Name>

					<Term termID="3.17.1">

						<Name xml:lang="en">

 					MPEG-4 Visual Scalable Texture Profile @ Level 1

 				</Name>

					</Term>

				</Term>

				<Term termID="3.18">

					<Name xml:lang="en">MPEG-4 Visual Advanced Scalable Texture Profile</Name>

					<Term termID="3.18.1">

						<Name xml:lang="en">

 					MPEG-4 Visual Advanced Scalable Texture Profile @ Level 1

 				</Name>

					</Term>

					<Term termID="3.18.2">

						<Name xml:lang="en">

 					MPEG-4 Visual Advanced Scalable Texture Profile @ Level 2

 				</Name>

					</Term>

					<Term termID="3.18.3">

						<Name xml:lang="en">

 					MPEG-4 Visual Advanced Scalable Texture Profile @ Level 3

 				</Name>

					</Term>

				</Term>

				<Term termID="3.19">

					<Name xml:lang="en">MPEG-4 Visual Hybrid Profile</Name>

					<Term termID="3.19.1">

						<Name xml:lang="en">MPEG-4 Visual Hybrid Profile @ Level 1</Name>

					</Term>

					<Term termID="3.19.2">

						<Name xml:lang="en">MPEG-4 Visual Hybrid Profile @ Level 2</Name>

					</Term>

				</Term>

			</Term>

			<Term termID="4">

				<Name xml:lang="en">JPEG</Name>

				<Definition xml:lang="en">Joint Pictures Expert Group</Definition>

			</Term>

			<Term termID="5">

				<Name xml:lang="en">MJPEG</Name>

				<Definition xml:lang="en">Motion JPEG video coding</Definition>

			</Term>

			<Term termID="6">

				<Name xml:lang="en">JPEG2000</Name>

				<Definition xml:lang="en">JPEG2000 Coding Format</Definition>

				<Term termID="6.1">

					<Name xml:lang="en">JPEG2000 jp2p Profile</Name>

					<Term termID="6.1.1">

						<Name xml:lang="en">JPEG2000 jp2p Profile – Level 0</Name>

					</Term>

					<Term termID="6.1.2">

						<Name xml:lang="en">JPEG2000 jp2p Profile – Level 1</Name>

					</Term>

					<Term termID="6.1.3">

						<Name xml:lang="en">JPEG2000 jp2p Profile – Level 2</Name>

					</Term>

				</Term>

				<Term termID="6.2">

					<Name xml:lang="en">MJPEG2000 mjp2 Profile</Name>

					<Definition xml:lang="en">

 				Motion JPEG 2000 Unrestricted Profile

 			</Definition>

				</Term>

				<Term termID="6.3">

					<Name xml:lang="en">MJPEG2000 mj2s Profile</Name>

					<Definition xml:lang="en">Motion JPEG 2000 Simple Profile</Definition>

				</Term>

			</Term>

			<Term termID="7">

				<Name xml:lang="en">H261</Name>

				<Definition xml:lang="en">H261 Video Coding Format</Definition>

			</Term>

			<Term termID="8">

				<Name xml:lang="en">H263</Name>

				<Definition xml:lang="en">H263 Video Coding Format</Definition>

			</Term>

		</ClassificationScheme>

	</Description>

</Mpeg7>

 