<?xml version="1.0" encoding="UTF-8"?>
<ClassificationScheme uri="urn:dvb:metadata:cs:HowRelatedCS:2020" xmlns="urn:tva:mpeg7:2008" xmlns:xsi="http://www.w3.org/2001/XMLSchema-instance" xsi:schemaLocation="urn:tva:mpeg7:2008 tva_mpeg7.xsd" xsi:type="ClassificationSchemeType">
	<!-- ##################################################################### -->
	<!-- HOWRELATED -->
	<!--Definition: A series of definitions for possible relations between services
				or programmes -->
	<!-- ##################################################################### -->
	<Term termID="1000">
		<Name xml:lang="en"> Service Related Material</Name>
		<Definition xml:lang="en">
			The reference points an item that can be used in the onscreen appearance of a 
			service.
		</Definition>
		<Term termID="1000.1">
			<Name xml:lang="en">Out Of Service Banner</Name>
			<Definition xml:lang="en">
				A banner that can be shown when the service is selected outside of normal
				operating hours.
			</Definition>
		</Term>
		<Term termID="1000.2">
			<Name xml:lang="en">Content Finished Banner</Name>
			<Definition xml:lang="en">
				A banner that can be shown when all content in a finite duration content 
				item has been played.
			</Definition>
		</Term>
	</Term>
	<Term termID="1001">
		<Name xml:lang="en"> Service Related Material</Name>
		<Definition xml:lang="en">
			The reference points an item that can be used in the onscreen appearance of a 
			service.
		</Definition>
		<Term termID="1001.1">
			<Name xml:lang="en">Service List Logo</Name>
			<Definition xml:lang="en">
				A graphical icon that can be used to visually identify a service list.
			</Definition>
		</Term>
		<Term termID="1001.2">
			<Name xml:lang="en">Service Logo</Name>
			<Definition xml:lang="en">
				A graphical icon that can be used to visually identify a service.
			</Definition>
		</Term>
	</Term>
	<Term termID="1002">
		<Name xml:lang="en">Content Guide Material</Name>
		<Definition xml:lang="en">
			The reference points an item that can be used in the onscreen appearance of a 
			content guide.
		</Definition>
		<Term termID="1002.1">
			<Name xml:lang="en">Content Guide Service Logo</Name>
			<Definition xml:lang="en">
				A graphical icon that can be used to visually identify a content guide service.
			</Definition>
		</Term>
	</Term>
</ClassificationScheme>
