<?xml version="1.0" encoding="UTF-8"?>
<!--
	Classification scheme now conforms to the draft guidelines on classification schemes.
-->
<ClassificationScheme xml:lang="en"
	uri="urn:dvb:metadata:cs:AudioCodecCS:2007"
	xmlns="urn:dvb:metadata:schema:dvbCSschema:2007"
	xmlns:xsi="http://www.w3.org/2001/XMLSchema-instance"
	xsi:schemaLocation="urn:dvb:metadata:schema:dvbCSschema:2007 ../../schema/2007/dvbCSschema.xsd">
	<Term termID="1">
		<Name>MPEG-4 DVB Audio</Name>
		<Term termID="1.1">
			<Name>MPEG-4 Advanced Audio Profile</Name>
			<Term termID="1.1.1">
				<Name>MPEG-4 Advanced Audio Profile @ Level 1</Name>
			</Term>
			<Term termID="1.1.2">
				<Name>MPEG-4 Advanced Audio Profile @ Level 2</Name>
			</Term>
			<Term termID="1.1.3">
				<Name>MPEG-4 Advanced Audio Profile @ Level 4</Name>
			</Term>
			<Term termID="1.1.4">
				<Name>MPEG-4 Advanced Audio Profile @ Level 5</Name>
			</Term>
		</Term>
		<Term termID="1.2">
			<Name>MPEG-4 High Efficency Advanced Audio Profile</Name>
			<Term termID="1.2.2">
				<Name>
					MPEG-4 High Efficency Advanced Audio Profile @ Level 2
				</Name>
			</Term>
			<Term termID="1.2.3">
				<Name>
					MPEG-4 High Efficency Advanced Audio Profile @ Level 3
				</Name>
			</Term>
			<Term termID="1.2.4">
				<Name>
					MPEG-4 High Efficency Advanced Audio Profile @ Level 4
				</Name>
			</Term>
			<Term termID="1.2.5">
				<Name>
					MPEG-4 High Efficency Advanced Audio Profile @ Level 5
				</Name>
			</Term>
		</Term>
		<Term termID="1.3">
			<Name>MPEG-4 High Efficency Advanced Audio v2 Profile</Name>
			<Term termID="1.3.2">
				<Name>
					MPEG-4 High Efficency Advanced Audio v2 Profile @ Level 2
				</Name>
			</Term>
			<Term termID="1.3.3">
				<Name>
					MPEG-4 High Efficency Advanced Audio v2 Profile @ Level 3
				</Name>
			</Term>
			<Term termID="1.3.4">
				<Name>
					MPEG-4 High Efficency Advanced Audio v2 Profile @ Level 4
				</Name>
			</Term>
			<Term termID="1.3.5">
				<Name>
					MPEG-4 High Efficency Advanced Audio v2 Profile @ Level 5
				</Name>
			</Term>
		</Term>
	</Term>
	<Term termID="2">
		<Name>AMR DVB</Name>
		<Definition>Advanced Multi Rate</Definition>
		<Term termID="2.1">
			<Name>AMR-WB+ - Extended AMR Wideband codec</Name>
			<Definition>
				ETSI TS 126 290 Extended AMR Wideband codec
			</Definition>
		</Term>
	</Term>
	<Term termID="3">
		<Name>AC3</Name>
		<Term termID="3.1">
			<Name>E-AC3</Name>
			<Definition>Dolby Enhanced AC3</Definition>
		</Term>
	</Term>
</ClassificationScheme>
