<?xml version="1.0" encoding="UTF-8"?>
<ClassificationScheme uri="urn:tva:rmpi:cs:CipherCS:2005">
	<!-- ##################################################################### -->
	<!-- Cipher -->
	<!--Definition: A series of definitions for possible values of the Cipher element in RMPI metadata-->
	<!-- ##################################################################### -->
	<Term termID="0">
		<Name xml:lang="en">no cipher</Name>
	</Term>
	<Term termID="1">
		<Name xml:lang="en">AES</Name>
		<Definition xml:lang="en">FIPS PUB 197: "Specifications for the Advanced Encryption Standard (AES)", 26 November 2001</Definition>
	</Term>
	<Term termID="2">
		<Name xml:lang="en">Camellia</Name>
		<Definition xml:lang="en">A 128-Bit Block Cipher Suitable for Multiple Platforms", IEITC Transactions on Fundamentals of Electronics, Communications and Computer Science, Vol. E85-A, No.1, The Institute of Electronics, Information and Communication Engineers, January, 2002. Kazumaro Aoki, Tetsuya Ichikawa, Masayuki Kanda, Mitsuru Matsui, Shiho Moriai, Junko Nakajima, and Toshio Tokita</Definition>
	</Term>
	<Term termID="3">
		<Name xml:lang="en">DVB CSA 1</Name>
		<Definition xml:lang="en">"Digital Video Broadcasting (DVB); Support for use of scrambling and Conditional Access (CA) within digital broadcasting systems"; ETSI Technical Report ETR_289, October 1996</Definition>
	</Term>
	<Term termID="4">
		<Name xml:lang="en">DVB CSA 2</Name>
		<Definition xml:lang="en">"Digital Video Broadcasting (DVB); Support for use of scrambling and Conditional Access (CA) within digital broadcasting systems"; ETSI Technical Report ETR_289, October 1996</Definition>
	</Term>
	<Term termID="5">
		<Name xml:lang="en">3DES</Name>
		<Definition xml:lang="en">FIPS PUB 46-3: "Data Encryption Standard", 25 October 1999</Definition>
	</Term>
	<Term termID="6">
		<Name xml:lang="en">M2</Name>
		<Definition xml:lang="en">Multi-2 encryption algorithm</Definition>
	</Term>
	<Term termID="7">
		<Name xml:lang="en">out of RMP control</Name>
	</Term>
</ClassificationScheme>

