<?xml version="1.0" encoding="UTF-8"?>
<ClassificationScheme uri=" urn:tva:metadata:extended:cs:ContentTypeCS:2005">
	<!-- ################################################################################### -->
	<!-- ContentTypeCS                                                                       -->
	<!-- Definition: This is a set of terms used to indicate what kinds of content are       -->
	<!--  used as main Program or used in Package.                                           -->
	<!--  Content can be classified by either the type of content or the subject of content  -->
	<!-- ################################################################################### -->
	<Term termID="1">
		<Name xml:lang="en">Audio</Name>
	</Term>
	<Term termID="2">
		<Name xml:lang="en">Video</Name>
	</Term>
	<Term termID="3">
		<Name xml:lang="en">StillImage</Name>
	</Term>
	<Term termID="4">
		<Name xml:lang="en">Text</Name>
	</Term>
	<Term termID="5">
		<Name xml:lang="en">DataBroadcasting</Name>
	</Term
	<Term termID="6">
		<Name xml:lang="en">Interstitial</Name>
	</Term>
	<Term termID="7">
		<Name xml:lang="en">Education</Name>
	</Term>
	<Term termID="8">
		<Name xml:lang="en">Application</Name>
	</Term>
	<Term termID="9">
		<Name xml:lang="en">Game</Name>
	</Term>
	<Term termID="10">
		<Name xml:lang="en">Package</Name>
	</Term>
</ClassificationScheme>

