<?xml version="1.0" encoding="UTF-8"?>		
<ClassificationScheme uri="urn:tva:metadata:cs:SubtitleCarriageCS:2023">
	<!-- ##################################################################### -->
	<!-- SUBTITLECARRIAGE                                                      -->
	<!-- DEFINITION: Defines the method used for carrying subtitles.           -->
	<!-- NOTE: This CS replaces the CaptionCodingFormatCS                      -->
	<!-- and is used in conjunction with SubtitleCodingFormatCS.               -->
	<!-- ##################################################################### -->
	<Term termID="1">
		<Name xml:lang="en">Application Subtitles</Name>
		<Definition xml:lang="en">In-application rendered subtitles.</Definition>
	</Term>
	<Term termID="2">
		<Name xml:lang="en">Subtitles in TS</Name>
		<Definition xml:lang="en">Subtitles carried in an MPEG-2 Transport Stream.</Definition>
		<Term termID="2.1">
			<Name xml:lang="en">DVB TTML Subtitles</Name>
			<Definition xml:lang="en">DVB TTML subtitles as defined in [ETSI EN 303 560]. TTML subtitle streams packetized for carriage in DVB MPEG-2 transport streams. If no explicit  SubtitleCodingFormatCS format is signalled, the default conformance point processor profile applies.</Definition>
		</Term>
	</Term>
	<Term termID="3">
		<Name xml:lang="en">Subtitles in ISOBMFF</Name>
		<Definition xml:lang="en">Subtitles encapsulated in ISOBMFF according to ISO/IEC 14496-30.
		</Definition>
	</Term>
	<Term termID="4">
		<Name xml:lang="en">Standalone subtitle resource</Name>
		<Definition xml:lang="en">Subtitle resource carried separately from other content.		</Definition>
	</Term>
	<Term termID="5">
		<Name xml:lang="en">Open/In-video subtitles</Name>
		<Definition xml:lang="en">Subtitles that make up part of the main video picture.</Definition>
	</Term>
	<Term termID="99">
		<Name xml:lang="en">Other subtitle carriage</Name>
		<Definition xml:lang="en">Other method of carrying subtitles not specifically identified in 	this classification scheme.</Definition>
	</Term>
</ClassificationScheme>

