<?xml version="1.0" encoding="UTF-8"?>
<ClassificationScheme uri="urn:tva:metadata:extended:cs:PlaceTypeCS:2011">
	<Term termID="1">
		<Name xml:lang="en">My Home</Name>
		<Definition xml:lang="en">
			A place where a person lives or a place to go back
		</Definition>
	</Term>
	<Term termID="2">
		<Name xml:lang="en">Transportation Facilities</Name>
		<Definition xml:lang="en">
			A place where people access transportation means
		</Definition>
		<Term termID="2.1">
			<Name xml:lang="en">Station</Name>
		</Term>
		<Term termID="2.2">
			<Name xml:lang="en">Stop</Name>
		</Term>
		<Term termID="2.3">
			<Name xml:lang="en">Airport</Name>
		</Term>
		<Term termID="2.4">
			<Name xml:lang="en">Harbor</Name>
		</Term>
	</Term>
	<Term termID="3">
		<Name xml:lang="en">Traffic Facilities</Name>
		<Definition xml:lang="en">
			A place where people access by using traffic means
		</Definition>
		<Term termID="3.1">
			<Name xml:lang="en">Entrance</Name>
		</Term>
		<Term termID="3.2">
			<Name xml:lang="en">Parking</Name>
		</Term>
		<Term termID="3.3">
			<Name xml:lang="en">Crossing</Name>
		</Term>
		<Term termID="3.4">
			<Name xml:lang="en">Street</Name>
		</Term>
		<Term termID="3.5">
			<Name xml:lang="en">Gas Station</Name>
		</Term>
		<Term termID="3.6">
			<Name xml:lang="en">Highway</Name>
		</Term>
		<Term termID="3.7">
			<Name xml:lang="en">Interchange</Name>
		</Term>
		<Term termID="3.8">
			<Name xml:lang="en">Service Area</Name>
		</Term>
	</Term>
	<Term termID="4">
		<Name xml:lang="en">Work Place</Name>
		<Definition xml:lang="en">
			A place where people work
		</Definition>
		<Term termID="4.1">
			<Name xml:lang="en">Office</Name>
		</Term>
		<Term termID="4.2">
			<Name xml:lang="en">Factory</Name>
		</Term>
		<Term termID="4.3">
			<Name xml:lang="en">Studio</Name>
		</Term>
		<Term termID="4.4">
			<Name xml:lang="en">Outdoor</Name>
		</Term>
	</Term>
	<Term termID="5">
		<Name xml:lang="en">School</Name>
		<Definition xml:lang="en">
			A place where a person goes to study
		</Definition>
		<Term termID="5.1">
			<Name xml:lang="en">University</Name>
		</Term>
		<Term termID="5.2">
			<Name xml:lang="en">High School</Name>
		</Term>
		<Term termID="5.3">
			<Name xml:lang="en">Kindergarten</Name>
		</Term>
	</Term>
	<Term termID="6">
		<Name xml:lang="en">Hall</Name>
		<Definition xml:lang="en">
			A place or building used for meeting, entertainment, exhibition, etc. 
		</Definition>
		<Term termID="6.1">
			<Name xml:lang="en">Museum</Name>
		</Term>
		<Term termID="6.2">
			<Name xml:lang="en">Library</Name>
		</Term>
		<Term termID="6.3">
			<Name xml:lang="en">Theater</Name>
		</Term>
	</Term>
	<Term termID="7">
		<Name xml:lang="en">Public Facilities</Name>
		<Definition xml:lang="en">
			A place or building for public service
		</Definition>
		<Term termID="7.1">
			<Name xml:lang="en">Bank</Name>
		</Term>
		<Term termID="7.2">
			<Name xml:lang="en">Post Office</Name>
		</Term>
		<Term termID="7.3">
			<Name xml:lang="en">Hospital</Name>
		</Term>
		<Term termID="7.4">
			<Name xml:lang="en">Police</Name>
		</Term>
		<Term termID="7.5">
			<Name xml:lang="en">Public Office</Name>
		</Term>
		<Term termID="7.6">
			<Name xml:lang="en">Fire-Brigade Station</Name>
		</Term>
	</Term>
	<Term termID="8">
		<Name xml:lang="en">Historic Site</Name>
		<Definition xml:lang="en">
			A place or building of historic interest and value
		</Definition>
		<Term termID="8.1">
			<Name xml:lang="en">Palace</Name>
		</Term>
		<Term termID="8.2">
			<Name xml:lang="en">Castle</Name>
		</Term>
		<Term termID="8.3">
			<Name xml:lang="en">Church</Name>
		</Term>
		<Term termID="8.4">
			<Name xml:lang="en">Temple</Name>
		</Term>
		<Term termID="8.5">
			<Name xml:lang="en">Shrine</Name>
		</Term>
		<Term termID="8.6">
			<Name xml:lang="en">Graveyard</Name>
		</Term>
	</Term>
	<Term termID="9">
		<Name xml:lang="en">Natural Outdoor Spot</Name>
		<Definition xml:lang="en">
			A spot of natural or outdoor environment
		</Definition>
		<Term termID="9.1">
			<Name xml:lang="en">Mountain</Name>
		</Term>
		<Term termID="9.2">
			<Name xml:lang="en">Sea</Name>
		</Term>
		<Term termID="9.3">
			<Name xml:lang="en">Lake</Name>
		</Term>
		<Term termID="9.4">
			<Name xml:lang="en">Pond</Name>
		</Term>
		<Term termID="9.5">
			<Name xml:lang="en">River</Name>
		</Term>
		<Term termID="9.6">
			<Name xml:lang="en">Valley</Name>
		</Term>
		<Term termID="9.7">
			<Name xml:lang="en">Field</Name>
		</Term>
		<Term termID="9.8">
			<Name xml:lang="en">Island</Name>
		</Term>
		<Term termID="9.9">
			<Name xml:lang="en">Sky</Name>
		</Term>
	</Term>
	<Term termID="10">
		<Name xml:lang="en">Hotel</Name>
		<Definition xml:lang="en">
			A building or place where people stay, sleep or take a rest
		</Definition>
	</Term>
	<Term termID="11">
		<Name xml:lang="en">Restaurant</Name>
		<Definition xml:lang="en">
			A building or place where foods are served and people can eat
		</Definition>
	</Term>
	<Term termID="12">
		<Name xml:lang="en">Shopping Spot</Name>
		<Definition xml:lang="en">
			A building or place where people go shopping
		</Definition>
		<Term termID="12.1">
			<Name xml:lang="en">Department Store</Name>
		</Term>
		<Term termID="12.2">
			<Name xml:lang="en">Supermarket</Name>
		</Term>
		<Term termID="12.3">
			<Name xml:lang="en">Shop</Name>
		</Term>
	</Term>
	<Term termID="13">
		<Name xml:lang="en">Leisure Spot</Name>
		<Definition xml:lang="en">
			A place where people enjoy leisure
		</Definition>
		<Term termID="13.1">
			<Name xml:lang="en">Park</Name>
		</Term>
		<Term termID="13.2">
			<Name xml:lang="en">Garden</Name>
		</Term>
		<Term termID="13.3">
			<Name xml:lang="en">Amusement Park</Name>
		</Term>
		<Term termID="13.4">
			<Name xml:lang="en">Resort</Name>
		</Term>
		<Term termID="13.5">
			<Name xml:lang="en">Hot Spring</Name>
		</Term>
	</Term>
	<Term termID="14">
		<Name xml:lang="en">Sports Spot</Name>
		<Definition xml:lang="en">
			A place where people enjoy sports
		</Definition>
		<Term termID="14.1">
			<Name xml:lang="en">Stadium</Name>
		</Term>
		<Term termID="14.2">
			<Name xml:lang="en">Sports Gym</Name>
		</Term>
		<Term termID="14.3">
			<Name xml:lang="en">Tennis Court</Name>
		</Term>
		<Term termID="14.4">
			<Name xml:lang="en">Golf Course</Name>
		</Term>
		<Term termID="14.5">
			<Name xml:lang="en">Swimming Pool</Name>
		</Term>
		<Term termID="14.6">
			<Name xml:lang="en">Skiing Ground</Name>
		</Term>
		<Term termID="14.7">
			<Name xml:lang="en">Skating Rink</Name>
		</Term>
	</Term>
	<Term termID="15">
		<Name xml:lang="en">Mobility</Name>
		<Definition xml:lang="en">
			The user is in move.
		</Definition>
		<Term termID="15.1">
			<Name xml:lang="en">In Transportation</Name>
			<Term termID="15.1.1">
				<Name xml:lang="en">In Car</Name>
			</Term>
			<Term termID="15.1.2">
				<Name xml:lang="en">In Train</Name>
			</Term>
			<Term termID="15.1.3">
				<Name xml:lang="en">In Airplane</Name>
			</Term>
		</Term>
		<Term termID="15.2">
			<Name xml:lang="en">On Foot</Name>
			<Term termID="15.2.1">
				<Name xml:lang="en">Walking</Name>
			</Term>
			<Term termID="15.2.2">
				<Name xml:lang="en">Running</Name>
			</Term>
		</Term>
	</Term>
</ClassificationScheme>
