<?xml version="1.0" encoding="UTF-8"?>
<!DOCTYPE catalog PUBLIC "-//OASIS//DTD XML Catalogs V1.1//EN" "http://www.oasis-open.org/committees/entity/release/1.1/catalog.dtd">
<catalog xmlns="urn:oasis:names:tc:entity:xmlns:xml:catalog">
   <nextCatalog catalog="../3rd-party/catalog.xml"/>
   <nextCatalog catalog="css/catalog.xml"/>
   <nextCatalog catalog="cs/catalog.xml"/>
   <nextCatalog catalog="schema/catalog.xml"/>
   <nextCatalog catalog="ciplus/catalog.xml"/>
   <nextCatalog catalog="mhp/catalog.xml"/>
   <nextCatalog catalog="iptv/catalog.xml"/>
   <nextCatalog catalog="ff/catalog.xml"/>
</catalog>
