<?xml version="1.0" encoding="UTF-8"?>
<ClassificationScheme uri="urn:tva:metadata:cs:FormatCS:2002">
	<!-- ##################################################################### -->
	<!-- FORMAT                                                                                     -->
	<!-- Definition: This dimension is used to classify programmes as to their formal structure, in other words: how -->
	<!-- does the programme look, regardless of the subject with which the programme is dealing. -->
	<!-- ##################################################################### -->
	<Term termID="2.1">
		<Name xml:lang="en">Structured</Name>
		<Definition xml:lang="en">All programmes dealing with facts, situations, opinions, theories and forecasts</Definition>
		<Term termID="2.1.1 ">
			<Name xml:lang="en">Bulletin</Name>
			<Definition xml:lang="en">Programme with formal desk presentation, usually interspersed with visual material. Example: News bulletin, weather forecast</Definition>
		</Term>
		<Term termID="2.1.2">
			<Name xml:lang="en">Magazine</Name>
			<Definition xml:lang="en">Programme consisting of separate items which has at least one common quality and presented under one main heading</Definition>
		</Term>
		<Term termID="2.1.3">
			<Name xml:lang="en">Commented event</Name>
			<Definition xml:lang="en">An outside event covered by the broadcaster and with an accompanying commentary, and transmitted live or deferred (within 24 hours). Example: Soccer match, theatre relay, parliamentary debate</Definition>
		</Term>
		<Term termID="2.1.4">
			<Name xml:lang="en">Documentary</Name>
			<Definition xml:lang="en">Programme concerning a single theme, involving descriptive and/or interpretative commentaries, illustrations, I/vs, statements, photos etc</Definition>
		</Term>
		<Term termID="2.1.5">
			<Name xml:lang="en">Discussion/Interview/Debate</Name>
			<Definition xml:lang="en">Mainly verbal programme in which more than one person participates</Definition>
		</Term>
		<Term termID="2.1.6">
			<Name xml:lang="en">Lecture/Speech/Presentation</Name>
			<Definition xml:lang="en">Mainly verbal programme in which only one person participates</Definition>
		</Term>
		<Term termID="2.1.7">
			<Name xml:lang="en">Textual (incl. relayed teletext)</Name>
			<Definition xml:lang="en">Programme consisting only of alphanumerical information</Definition>
		</Term>
		<Term termID="2.1.8">
			<Name xml:lang="en">Phone-in</Name>
			<Definition xml:lang="en">Programme with content primarily generated by contributions from the general audience either on the telephone or by sending in emails/letters</Definition>
		</Term>
		<Term termID="2.1.9">
			<Name xml:lang="en">DJ with discs</Name>
			<Definition xml:lang="en">Programme (usually in audio only) in which a specialist presenter introduces music or other pre-recorded elements</Definition>
		</Term>
	</Term>
	<Term termID="2.2">
		<Name xml:lang="en">Representation/Play</Name>
		<Definition xml:lang="en">Programme consisting of a prose or verse composition, one telling a story, written for or as if for performance by actors, puppets.
Example: Soap opera, Shakespeare play, Monty Python, radio play. Not: documentary or informational programme whose subject is drama</Definition>
		<Term termID="2.2.1">
			<Name xml:lang="en">Fictional portrayal of life</Name>
			<Definition xml:lang="en">Programme performed by live actors. E.g. Performed drama</Definition>
		</Term>
		<Term termID="2.2.2">
			<Name xml:lang="en">Readings</Name>
			<Definition xml:lang="en">Programmes consisting of readings of poems, stories or other literary works</Definition>
		</Term>
		<Term termID="2.2.3">
			<Name xml:lang="en">Representation with puppets</Name>
			<Definition xml:lang="en">Programme consisting of a dramatic work, performed with puppet/claymation. Example: The Muppet Show, Thunderbirds, Postman Pat, Magic Roundabout</Definition>
		</Term>
	</Term>
	<Term termID="2.3">
		<Name xml:lang="en">Cartoon/Animation</Name>
		<Definition xml:lang="en">Programme consisting of a dramatic work, constructed frame by frame without resource to live images</Definition>
		<Term termID="2.3.1">
			<Name xml:lang="en">Anime</Name>
			<Definition xml:lang="en">Japanese animation style</Definition>
		</Term>
		<Term termID="2.3.2">
			<Name xml:lang="en">Computer</Name>
			<Definition xml:lang="en">Virtual reality generated. Example: Disney's Antz, Toy Story etc</Definition>
		</Term>
		<Term termID="2.3.3">
			<Name xml:lang="en">Cartoon</Name>
			<Definition xml:lang="en">Images drawn cell by cell. Example: Disneys Pinocchio, The Flintstones, Tom and Jerry</Definition>
		</Term>
	</Term>
	<Term termID="2.4">
		<Name xml:lang="en">Show</Name>
		<Term termID="2.4.1">
			<Name xml:lang="en">Hosted show</Name>
			<Definition xml:lang="en">Programme, that can be regarded neither as non-fiction nor as drama  or music/dance in which one or more  persons fulfill the role of presenter, host, quiz or games master, announcer, chairperson or speaker and where the rest of the participants are generally members of the public</Definition>
			<Term termID="2.4.1.1">
				<Name xml:lang="en">Simple game show</Name>
				<Definition xml:lang="en">Programme in which the content is primarily contained within the studio and the prizes or rewards (if any) to the participant(s) may be regarded as conservative. Example: University Challenge</Definition>
			</Term>
			<Term termID="2.4.1.2">
				<Name xml:lang="en">Big game show</Name>
				<Definition xml:lang="en">Programme produced on a grand scale in which the prizes or rewards are considered generous Example: Who wants to be a millionaire</Definition>
			</Term>
		</Term>
		<Term termID="2.4.2">
			<Name xml:lang="en">Panel-show</Name>
			<Definition xml:lang="en">A programme of a light entertainment nature which is presented by a more or less fixed group of people (panel). Programme, that can be regarded neither as non-fiction nor as drama or concert. Example: The Paul Daniels Show;  Der Rudi Carrell Show</Definition>
			<Term termID="2.4.2.1">
				<Name xml:lang="en">Simple game show</Name>
			</Term>
			<Term termID="2.4.2.2">
				<Name xml:lang="en">Big game show</Name>
			</Term>
		</Term>
		<Term termID="2.4.3">
			<Name xml:lang="en">Non-hosted show</Name>
			<Definition xml:lang="en">Programme, that can be regarded neither as non-fiction nor as drama  or music/dance in which no one fulfils the role of presenter,  host, quiz or games master, announcer, chairperson or speaker</Definition>
		</Term>
		<Term termID="2.4.4">
			<Name xml:lang="en">Standup comedian(s)</Name>
			<Definition xml:lang="en">Programme performed by a single, a pair or a group of comedians performing directly towards the audience</Definition>
		</Term>
	</Term>
	<Term termID="2.5">
		<Name xml:lang="en">Artistic performance</Name>
		<Definition xml:lang="en">Music, Dance, Mime etc. TV programmes (predominantly) consisting of music, dance or ballet</Definition>
	</Term>
	<Term termID="2.7">
		<Name xml:lang="en">Interactive</Name>
		<Definition xml:lang="en">Formats making use of a range of features such as local application support, return path and direct viewer interaction</Definition>
		<Term termID="2.7.1">
			<Name xml:lang="en">Local interactivity</Name>
			<Definition xml:lang="en">Formats that happen in the 'box' where broadcast 'data' is processed locally giving a sense of dynamic choice</Definition>
			<Term termID="2.7.1.1">
				<Name xml:lang="en">Static informational</Name>
				<Definition xml:lang="en">Services (news or entertainment) where the information is fixed and does not update</Definition>
			</Term>
			<Term termID="2.7.1.2">
				<Name xml:lang="en">Dynamic informational</Name>
				<Definition xml:lang="en">Services where the information is dynamic and updates regularly from the broadcast stream</Definition>
			</Term>
			<Term termID="2.7.1.3">
				<Name xml:lang="en">Viewing chats</Name>
				<Definition xml:lang="en">The show displays chats taking place over local and remote systems</Definition>
			</Term>
			<Term termID="2.7.1.4">
				<Name xml:lang="en">Quiz - Basic multiple choice</Name>
				<Definition xml:lang="en">Using any key number, ft, or arrows etc</Definition>
			</Term>
			<Term termID="2.7.1.5">
				<Name xml:lang="en">Quiz - Text or number entry answers</Name>
				<Definition xml:lang="en">Entering real text or numbers into a format</Definition>
			</Term>
			<Term termID="2.7.1.6">
				<Name xml:lang="en">Re-ordering</Name>
				<Definition xml:lang="en">Competitions based on moving lists into correct orders</Definition>
			</Term>
			<Term termID="2.7.1.7">
				<Name xml:lang="en">Positional</Name>
				<Definition xml:lang="en">Challenges or games such as ‘Spot the Ball’, clicking on quess where something is</Definition>
			</Term>
			<Term termID="2.7.1.8">
				<Name xml:lang="en">Sync quiz</Name>
				<Definition xml:lang="en">Synchronised with audio and/or video (the programme)</Definition>
			</Term>
			<Term termID="2.7.1.9">
				<Name xml:lang="en">Timer quiz</Name>
				<Definition xml:lang="en">Quiz synchronised with audio and/or video</Definition>
			</Term>
			<Term termID="2.7.1.10">
				<Name xml:lang="en">Elimination and timer</Name>
				<Definition xml:lang="en">Against the clock</Definition>
			</Term>
			<Term termID="2.7.1.11">
				<Name xml:lang="en">Categories</Name>
				<Definition xml:lang="en">Selecting from batches of questions</Definition>
			</Term>
			<Term termID="2.7.1.12">
				<Name xml:lang="en">Level based quiz/game</Name>
				<Definition xml:lang="en">Cannot move on without completing last level - Difficulty or linear challenge</Definition>
			</Term>
			<Term termID="2.7.1.13">
				<Name xml:lang="en">Following a sequence</Name>
				<Definition xml:lang="en">Temporal, simon says, red next then green etc</Definition>
			</Term>
			<Term termID="2.7.1.14">
				<Name xml:lang="en">Local multi player</Name>
				<Definition xml:lang="en">Players using the same box in the same space</Definition>
			</Term>
			<Term termID="2.7.1.15">
				<Name xml:lang="en">Multi stream audio-video</Name>
				<Definition xml:lang="en">Services where the interaction is based mostly around alternate, parallel streamed audio or video access</Definition>
			</Term>
			<Term termID="2.7.1.16">
				<Name xml:lang="en">Enhanced advertisement</Name>
				<Definition xml:lang="en">Local interaction, more information locally etc</Definition>
			</Term>
			<Term termID="2.7.1.17">
				<Name xml:lang="en">Logic based games</Name>
			</Term>
			<Term termID="2.7.1.18">
				<Name xml:lang="en">Word games</Name>
			</Term>
			<Term termID="2.7.1.19">
				<Name xml:lang="en">Positional games</Name>
			</Term>
			<Term termID="2.7.1.20">
				<Name xml:lang="en">Board games</Name>
			</Term>
			<Term termID="2.7.1.21">
				<Name xml:lang="en">Text based gaming</Name>
			</Term>
			<Term termID="2.7.1.22">
				<Name xml:lang="en">Dynamic 2D/3D graphics</Name>
			</Term>
		</Term>
		<Term termID="2.7.2">
			<Name xml:lang="en">Intermittent response</Name>
			<Definition xml:lang="en">Formats that require an intermittent or continuous return path</Definition>
			<Term termID="2.7.2.1">
				<Name xml:lang="en">Single impulse vote</Name>
				<Definition xml:lang="en">aka ‘clap-o-meter’ - mass aggregation of single hit 'press red now if you think this' type votes</Definition>
			</Term>
			<Term termID="2.7.2.2">
				<Name xml:lang="en">Impulse vote from choices</Name>
				<Definition xml:lang="en">Vote from range of items - favourite act, band etc</Definition>
			</Term>
			<Term termID="2.7.2.3">
				<Name xml:lang="en">Impulse Yes/No vote</Name>
				<Definition xml:lang="en">Impulse vote from two choices yes/no</Definition>
			</Term>
			<Term termID="2.7.2.4">
				<Name xml:lang="en">Impulse vote with a value</Name>
				<Definition xml:lang="en">Vote for something to happen with a value attached - eg: how many tins of baked beans should he eat</Definition>
			</Term>
			<Term termID="2.7.2.5">
				<Name xml:lang="en">Submit answers/form</Name>
				<Definition xml:lang="en">Press now to send off answers or details - quiz or competition</Definition>
			</Term>
			<Term termID="2.7.2.6">
				<Name xml:lang="en">SMS using mobile</Name>
				<Definition xml:lang="en">Sending text from mobile into iTV or web platforms</Definition>
			</Term>
			<Term termID="2.7.2.7">
				<Name xml:lang="en">SMS using TV remote</Name>
				<Definition xml:lang="en">Entry of messages using TV number/letter keys</Definition>
			</Term>
			<Term termID="2.7.2.8">
				<Name xml:lang="en">Impulse gambling</Name>
				<Definition xml:lang="en">Using intermittent persistently protected connection to place real or fantasy bets</Definition>
			</Term>
			<Term termID="2.7.2.9">
				<Name xml:lang="en">Impulse transaction</Name>
				<Definition xml:lang="en">Using intermittent persistently protected connection to buy product - T or ECommerce</Definition>
			</Term>
			<Term termID="2.7.2.10">
				<Name xml:lang="en">Multi player TS networked services/games</Name>
				<Definition xml:lang="en">Multi point networking in either time-shifted mode</Definition>
			</Term>
			<Term termID="2.7.2.11">
				<Name xml:lang="en">Interactive advertisement</Name>
				<Definition xml:lang="en">Local interaction, request for more info, details even link to impulse transaction etc</Definition>
			</Term>
		</Term>
		<Term termID="2.7.3">
			<Name xml:lang="en">Always on connection</Name>
			<Definition xml:lang="en">Formats that ideally require a continuous connection to be delivered</Definition>
			<Term termID="2.7.3.1">
				<Name xml:lang="en">Chat Forum</Name>
				<Definition xml:lang="en">Using built in platform functionality</Definition>
			</Term>
			<Term termID="2.7.3.2">
				<Name xml:lang="en">Chat Forum via web</Name>
				<Definition xml:lang="en">STB with other infrastructure layer eg: web chat engine in web browser on top of proprietary api</Definition>
			</Term>
			<Term termID="2.7.3.3">
				<Name xml:lang="en">Threaded mail discussions</Name>
				<Definition xml:lang="en">Listed as discussion threads such as usenet type</Definition>
			</Term>
			<Term termID="2.7.3.4">
				<Name xml:lang="en">Point to point</Name>
				<Definition xml:lang="en">Show enables/includes one to one mailing</Definition>
			</Term>
			<Term termID="2.7.3.5">
				<Name xml:lang="en">3rd party point to point</Name>
				<Definition xml:lang="en">Using 3rd party peer to peer (one to one) chat facility layered over the show</Definition>
			</Term>
			<Term termID="2.7.3.6">
				<Name xml:lang="en">Voice chat using mic capability</Name>
				<Definition xml:lang="en">Speech to text engine enabling chat/mailing using IP for example</Definition>
			</Term>
			<Term termID="2.7.3.7">
				<Name xml:lang="en">Dual player networked services/games</Name>
				<Definition xml:lang="en">One to one, peer networking</Definition>
			</Term>
			<Term termID="2.7.3.8">
				<Name xml:lang="en">Multi player RT networked services/games</Name>
				<Definition xml:lang="en">Multi point networking in real time</Definition>
			</Term>
			<Term termID="2.7.3.9">
				<Name xml:lang="en">Gambling services</Name>
				<Definition xml:lang="en">Using continuous persistently protected connection</Definition>
			</Term>
			<Term termID="2.7.3.10">
				<Name xml:lang="en">Impulse transaction</Name>
				<Definition xml:lang="en">Using intermittent persistently protected connection to buy product - T or ECommerce</Definition>
			</Term>
			<Term termID="2.7.3.11">
				<Name xml:lang="en">Non-linear audio-video</Name>
				<Definition xml:lang="en">Services where the interaction is based mostly around choosing alternate audio or video files - VOD and AOD, maybe combined with 2.1.1.15 (multi stream)</Definition>
			</Term>
		</Term>
	</Term>
</ClassificationScheme>
