<ClassificationScheme uri="urn:tva:metadata:cs:IntendedAudienceCS:2002">
	<!-- ##################################################################### -->
	<!-- INTENDEDAUDIENCE                                                                                 -->
	<!-- Definition: Programme intended for special audiences defined by age, cultural/ethnic background, -->
	<!-- profession etc.	                                                                                     -->
	<!-- ##################################################################### -->
	<Term termID="4.1">
		<Name xml:lang="en">General audience</Name>
		<Definition xml:lang="en">Programmes not intended for a specific target group</Definition>
	</Term>
	<Term termID="4.2">
		<Name xml:lang="en">Age groups</Name>
		<Definition xml:lang="en">The age group levels for which the programme is primarily intended</Definition>
		<Term termID="4.2.1">
			<Name xml:lang="en">Children</Name>
			<Term termID="4.2.1.1">
				<Name xml:lang="en">Age 4-7</Name>
				<Definition xml:lang="en">Age ranges are indicative and may vary slightly in each country</Definition>
			</Term>
			<Term termID="4.2.1.2">
				<Name xml:lang="en">Age 8-13</Name>
				<Definition xml:lang="en">Age ranges are indicative and may vary slightly in each country</Definition>
			</Term>
			<Term termID="4.2.1.3">
				<Name xml:lang="en">Age 14-15</Name>
				<Definition xml:lang="en">Age ranges are indicative and may vary slightly in each country</Definition>
			</Term>
		</Term>
		<Term termID="4.2.2">
			<Name xml:lang="en">Young Adults</Name>
			<Term termID="4.2.2.1">
				<Name xml:lang="en">Age 16-17</Name>
				<Definition xml:lang="en">Age ranges are indicative and may vary slightly in each country</Definition>
			</Term>
			<Term termID="4.2.2.2">
				<Name xml:lang="en">Age 18-20</Name>
				<Definition xml:lang="en">Age ranges are indicative and may vary slightly in each country</Definition>
			</Term>
			<Term termID="4.2.2.3">
				<Name xml:lang="en">Age 21-24</Name>
			</Term>
		</Term>
		<Term termID="4.2.3">
			<Name xml:lang="en">Adults</Name>
			<Term termID="4.2.3.1">
				<Name xml:lang="en">Age 25-34</Name>
				<Definition xml:lang="en">Age ranges are indicative and may vary slightly in each country</Definition>
			</Term>
			<Term termID="4.2.3.2">
				<Name xml:lang="en">Age 35-44</Name>
				<Definition xml:lang="en">Age ranges are indicative and may vary slightly in each country</Definition>
			</Term>
			<Term termID="4.2.3.3">
				<Name xml:lang="en">Age 45-54</Name>
				<Definition xml:lang="en">Age ranges are indicative and may vary slightly in each country</Definition>
			</Term>
			<Term termID="4.2.3.4">
				<Name xml:lang="en">Age 55-64</Name>
				<Definition xml:lang="en">Age ranges are indicative and may vary slightly in each country</Definition>
			</Term>
			<Term termID="4.2.3.5">
				<Name xml:lang="en">Age 65+</Name>
				<Definition xml:lang="en">Age ranges are indicative and may vary slightly in each country</Definition>
			</Term>
			<Term termID="4.2.3.6">
				<Name xml:lang="en">Specific single age</Name>
				<Definition xml:lang="en">This section to be used where a programme targets one specific age. Example: A programme targeted at those reaching the age to vote or retire</Definition>
			</Term>
		</Term>
		<Term termID="4.2.4">
			<Name xml:lang="en">All ages</Name>
		</Term>
	</Term>
	<Term termID="4.3">
		<Name xml:lang="en">Social groups</Name>
		<Term termID="4.3.1">
			<Name xml:lang="en">Ethnic</Name>
			<Definition xml:lang="en">Programme for people differing in language and/or culture  E.g. Local key words to apply (ie Asian)</Definition>
			<Term termID="4.3.1.1">
				<Name xml:lang="en">Immigrant groups</Name>
				<Definition xml:lang="en">Programme for non-native born people and their immediate descendants, differing in language and/or culture</Definition>
			</Term>
			<Term termID="4.3.1.2">
				<Name xml:lang="en">Indiginous</Name>
				<Definition xml:lang="en">Programme for native born people and their immediate descendants, differing in language and/or culture</Definition>
			</Term>
		</Term>
		<Term termID="4.3.2">
			<Name xml:lang="en">Religious</Name>
			<Definition xml:lang="en">Local key words to apply (i.e. Shinto, Christian, Hindu etc)</Definition>
		</Term>
	</Term>
	<Term termID="4.4">
		<Name xml:lang="en">Occupational groups</Name>
		<Definition xml:lang="en">The occupation of the consumer for which the programme is primarely intended</Definition>
		<Term termID="4.4.1">
			<Name xml:lang="en">AB</Name>
			<Definition xml:lang="en"/>
			<Term termID="4.4.1.1">
				<Name xml:lang="en">A</Name>
				<Definition xml:lang="en">Opinion former, Judge, Member of the Govt etc</Definition>
			</Term>
			<Term termID="4.4.1.2">
				<Name xml:lang="en">B</Name>
				<Definition xml:lang="en">Industry leader, Senior Govt figure, Professionals (Doctors, Lawyers etc) etc</Definition>
			</Term>
		</Term>
		<Term termID="4.4.2">
			<Name xml:lang="en">C1C2</Name>
			<Term termID="4.4.2.1">
				<Name xml:lang="en">C1</Name>
				<Definition xml:lang="en">White collar worker</Definition>
			</Term>
			<Term termID="4.4.2.2">
				<Name xml:lang="en">C2</Name>
				<Definition xml:lang="en">Skilled manual labourer</Definition>
			</Term>
		</Term>
		<Term termID="4.4.3">
			<Name xml:lang="en">DE</Name>
			<Term termID="4.4.3.1">
				<Name xml:lang="en">D</Name>
				<Definition xml:lang="en">General manual labourer</Definition>
			</Term>
			<Term termID="4.4.3.2">
				<Name xml:lang="en">E</Name>
				<Definition xml:lang="en">Unemployed (+ students!)</Definition>
			</Term>
		</Term>
	</Term>
	<Term termID="4.5">
		<Name xml:lang="en">Other special interest/Occupational groups</Name>
		<Definition xml:lang="en">Local Keywords to apply. (i.e. Farmer, Student, DIY, Angler, Gay and lesbian)</Definition>
	</Term>
	<Term termID="4.6">
		<Name xml:lang="en">Gender</Name>
		<Term termID="4.6.1">
			<Name xml:lang="en">Primarily for males</Name>
		</Term>
		<Term termID="4.6.2">
			<Name xml:lang="en">Primarily for females</Name>
		</Term>
		<Term termID="4.6.3">
			<Name xml:lang="en">For males and females</Name>
		</Term>
	</Term>
	<Term termID="4.7">
		<Name xml:lang="en">Geographical</Name>
		<Definition xml:lang="en">The territory for which the programme is primarily intended</Definition>
		<Term termID="4.7.1">
			<Name xml:lang="en">Universal</Name>
			<Definition xml:lang="en">Intended for all audiences regardless of territory</Definition>
		</Term>
		<Term termID="4.7.2">
			<Name xml:lang="en">Continental</Name>
			<Definition xml:lang="en">Asia, European</Definition>
		</Term>
		<Term termID="4.7.3">
			<Name xml:lang="en">National</Name>
			<Definition xml:lang="en">France, S. Africa</Definition>
		</Term>
		<Term termID="4.7.4">
			<Name xml:lang="en">Regional</Name>
			<Definition xml:lang="en">Mid West, Pacific Rim</Definition>
		</Term>
		<Term termID="4.7.5">
			<Name xml:lang="en">Local</Name>
			<Definition xml:lang="en">Zip Codes, Postcodes, Towns</Definition>
		</Term>
	</Term>
	<Term termID="4.8">
		<Name xml:lang="en">Education level</Name>
		<Term termID="4.8.1">
			<Name xml:lang="en">Primary</Name>
		</Term>
		<Term termID="4.8.2">
			<Name xml:lang="en">Secondary</Name>
		</Term>
		<Term termID="4.8.3">
			<Name xml:lang="en">Tertiary</Name>
		</Term>
		<Term termID="4.8.4">
			<Name xml:lang="en">Post graduate/Life long learning</Name>
			<Field9/>
		</Term>
	</Term>
	<Term termID="4.9">
		<Name xml:lang="en">Lifestyle stages</Name>
		<Term termID="4.9.1">
			<Name xml:lang="en">Single</Name>
			<Definition xml:lang="en">Single person with no dependants</Definition>
		</Term>
		<Term termID="4.9.2">
			<Name xml:lang="en">Couple</Name>
			<Definition xml:lang="en">Cohabiting adult with no dependants</Definition>
		</Term>
		<Term termID="4.9.3">
			<Name xml:lang="en">Family with children 0-3</Name>
			<Definition xml:lang="en">Adult with pre school children</Definition>
		</Term>
		<Term termID="4.9.4">
			<Name xml:lang="en">Family with children 4-7</Name>
			<Definition xml:lang="en">Adult with young children</Definition>
		</Term>
		<Term termID="4.9.5">
			<Name xml:lang="en">Family with children 8-15</Name>
			<Definition xml:lang="en">Adult with older children</Definition>
		</Term>
		<Term termID="4.9.6">
			<Name xml:lang="en">Family with children 16+</Name>
			<Definition xml:lang="en">Adult with young dependant adults</Definition>
		</Term>
		<Term termID="4.9.7">
			<Name xml:lang="en">Empty nester</Name>
			<Definition xml:lang="en">Adult whose dependants have left home</Definition>
		</Term>
		<Term termID="4.9.8">
			<Name xml:lang="en">Retired</Name>
			<Definition xml:lang="en">Single or widowed adult whose dependants have left home</Definition>
		</Term>
	</Term>
</ClassificationScheme>
