<?xml version="1.0" encoding="UTF-8"?>
<ClassificationScheme uri="urn:tva:metadata:cs:ContentCS:2004">
	<!-- ##################################################################### -->
	<!--CONTENT 	                                                                                     -->
	<!-- Definition: This dimension is used to classify programmes according to their content or subject.  -->
	<!-- Unlike in the case of the form dimension, it is essential to hear the programme.    -->
	<!-- ##################################################################### -->
	<Term termID="3.1">
		<Name xml:lang="en">Non-fiction</Name>
		<Term termID="3.1.1">
			<Name xml:lang="en">News</Name>
			<Definition xml:lang="en">Time-sensitive information</Definition>
			<Term termID="3.1.1.1">
				<Name xml:lang="en">Daily news</Name>
			</Term>
			<Term termID="3.1.1.2">
				<Name xml:lang="en">Special news/edition</Name>
			</Term>
			<Term termID="3.1.1.3">
				<Name xml:lang="en">Special Reports</Name>
			</Term>
			<Term termID="3.1.1.4">
				<Name xml:lang="en">Commentary</Name>
			</Term>
			<Term termID="3.1.1.5">
				<Name xml:lang="en">Periodical/General</Name>
			</Term>
			<Term termID="3.1.1.6">
				<Name xml:lang="en">National politics/National assembly</Name>
			</Term>
			<Term termID="3.1.1.7">
				<Name xml:lang="en">Economy/Market/Financial/Business</Name>
			</Term>
			<Term termID="3.1.1.8">
				<Name xml:lang="en">Foreign/International</Name>
			</Term>
			<Term termID="3.1.1.9">
				<Name xml:lang="en">Sports</Name>
			</Term>
			<Term termID="3.1.1.10">
				<Name xml:lang="en">Cultural</Name>
			</Term>
			<Term termID="3.1.1.11">
				<Name xml:lang="en">Local/Regional</Name>
			</Term>
			<Term termID="3.1.1.12">
				<Name xml:lang="en">Traffic</Name>
			</Term>
			<Term termID="3.1.1.13">
				<Name xml:lang="en">Weather forecasts</Name>
			</Term>
			<Term termID="3.1.1.14">
				<Name xml:lang="en">Service information</Name>
			</Term>
			<Term termID="3.1.1.15">
				<Name xml:lang="en">Public affairs</Name>
			</Term>
			<Term termID="3.1.1.16">
				<Name xml:lang="en">Current affairs</Name>
			</Term>
		</Term>
		<Term termID="3.1.2">
			<Name xml:lang="en">Philosophies of life</Name>
			<Term termID="3.1.2.1">
				<Name xml:lang="en">Religion</Name>
				<Term termID="3.1.2.1.1">
					<Name xml:lang="en">Buddhism</Name>
				</Term>
				<Term termID="3.1.2.1.2">
					<Name xml:lang="en">Hinduism</Name>
				</Term>
				<Term termID="3.1.2.1.3">
					<Name xml:lang="en">Christianity</Name>
				</Term>
				<Term termID="3.1.2.1.4">
					<Name xml:lang="en">Islam</Name>
				</Term>
				<Term termID="3.1.2.1.5">
					<Name xml:lang="en">Judaism</Name>
				</Term>
				<Term termID="3.1.2.1.6">
					<Name xml:lang="en">Atheism</Name>
				</Term>
				<Term termID="3.1.2.1.7">
					<Name xml:lang="en">Agnosticism</Name>
				</Term>
				<Term termID="3.1.2.1.8">
					<Name xml:lang="en">Shintoism</Name>
				</Term>
			</Term>
			<Term termID="3.1.2.2">
				<Name xml:lang="en">Non-religious philosophies</Name>
				<Term termID="3.1.2.2.1">
					<Name xml:lang="en">Communism</Name>
				</Term>
				<Term termID="3.1.2.2.2">
					<Name xml:lang="en">Humanism</Name>
				</Term>
				<Term termID="3.1.2.2.3">
					<Name xml:lang="en">Capitalism</Name>
				</Term>
				<Term termID="3.1.2.2.4">
					<Name xml:lang="en">Socialism</Name>
				</Term>
				<Term termID="3.1.2.2.5">
					<Name xml:lang="en">Libertarianism</Name>
				</Term>
				<Term termID="3.1.2.2.6">
					<Name xml:lang="en">Republicanism</Name>
				</Term>
			</Term>
		</Term>
		<Term termID="3.1.3">
			<Name xml:lang="en">General non-fiction</Name>
			<Term termID="3.1.3.1">
				<Name xml:lang="en">Political</Name>
			</Term>
			<Term termID="3.1.3.2">
				<Name xml:lang="en">Social</Name>
			</Term>
			<Term termID="3.1.3.3">
				<Name xml:lang="en">Economic</Name>
			</Term>
			<Term termID="3.1.3.4">
				<Name xml:lang="en">Legal</Name>
			</Term>
			<Term termID="3.1.3.5">
				<Name xml:lang="en">Finance</Name>
			</Term>
			<Term termID="3.1.3.6">
				<Name xml:lang="en">Education</Name>
			</Term>
			<Term termID="3.1.3.7">
				<Name xml:lang="en">International affairs</Name>
			</Term>
			<Term termID="3.1.3.8">
				<Name xml:lang="en">Military/Defence</Name>
			</Term>
		</Term>
		<Term termID="3.1.4">
			<Name xml:lang="en">Arts and Media</Name>
			<Term termID="3.1.4.1">
				<Name xml:lang="en">Music</Name>
				<Definition xml:lang="en">Programme about a musical subject: NB if the content is
                    predominantly the music itself this is not the category to be used - instead
                    refer to 3.6 Music</Definition>
			</Term>
			<Term termID="3.1.4.2">
				<Name xml:lang="en">Dance</Name>
			</Term>
			<Term termID="3.1.4.3">
				<Name xml:lang="en">Theatre</Name>
				<Definition xml:lang="en">Programme about the theatre such as a review programme</Definition>
			</Term>
			<Term termID="3.1.4.4">
				<Name xml:lang="en">Opera</Name>
			</Term>
			<Term termID="3.1.4.5">
				<Name xml:lang="en">Cinema</Name>
				<Definition xml:lang="en">Programme about subject concerning the world of the film
                    and cinema not the film itself</Definition>
			</Term>
			<Term termID="3.1.4.6">
				<Name xml:lang="en">Advertising</Name>
				<Definition xml:lang="en">Programme about (the world of) advertising</Definition>
			</Term>
			<Term termID="3.1.4.7">
				<Name xml:lang="en">Press</Name>
			</Term>
			<Term termID="3.1.4.8">
				<Name xml:lang="en">Plastic arts</Name>
			</Term>
			<Term termID="3.1.4.9">
				<Name xml:lang="en">Fine arts</Name>
			</Term>
			<Term termID="3.1.4.10">
				<Name xml:lang="en">Experimental arts</Name>
			</Term>
			<Term termID="3.1.4.11">
				<Name xml:lang="en">Architecture</Name>
			</Term>
			<Term termID="3.1.4.12">
				<Name xml:lang="en">Showbiz</Name>
			</Term>
			<Term termID="3.1.4.13">
				<Name xml:lang="en">Television</Name>
			</Term>
			<Term termID="3.1.4.14">
				<Name xml:lang="en">Radio</Name>
			</Term>
			<Term termID="3.1.4.15">
				<Name xml:lang="en">New media</Name>
			</Term>
		</Term>
		<Term termID="3.1.5">
			<Name xml:lang="en">Humanities</Name>
			<Definition xml:lang="en">The branches of learning regarded as having primarily a
                cultural character and which usually include languge, literature, history,
                mathematics and philosophy</Definition>
			<Term termID="3.1.5.1">
				<Name xml:lang="en">Literature</Name>
			</Term>
			<Term termID="3.1.5.2">
				<Name xml:lang="en">Languages</Name>
			</Term>
			<Term termID="3.1.5.3">
				<Name xml:lang="en">History</Name>
			</Term>
			<Term termID="3.1.5.4">
				<Name xml:lang="en">Culture/Tradition/Anthropology/Ethnic studies</Name>
			</Term>
			<Term termID="3.1.5.5">
				<Name xml:lang="en">War/Conflict</Name>
			</Term>
		</Term>
		<Term termID="3.1.6">
			<Name xml:lang="en">Sciences</Name>
			<Term termID="3.1.6.1">
				<Name xml:lang="en">Applied sciences</Name>
				<Definition xml:lang="en">Sciences dealing with material phenomena or industrial processes</Definition>
			</Term>
			<Term termID="3.1.6.2">
				<Name xml:lang="en">Nature/Natural sciences</Name>
				<Definition xml:lang="en">Biology, botany, geology and zoology</Definition>
			</Term>
			<Term termID="3.1.6.3">
				<Name xml:lang="en">Animals/Wildlife</Name>
			</Term>
			<Term termID="3.1.6.4">
				<Name xml:lang="en">Environment/Geography</Name>
			</Term>
			<Term termID="3.1.6.5">
				<Name xml:lang="en">Space/Universe</Name>
				<Definition xml:lang="en">Astronomy, astrophisics</Definition>
			</Term>
			<Term termID="3.1.6.6">
				<Name xml:lang="en">Physical sciences</Name>
				<Definition xml:lang="en">Chemistry, electricity, mechanics, physics</Definition>
			</Term>
			<Term termID="3.1.6.7">
				<Name xml:lang="en">Medicine</Name>
				<Definition xml:lang="en">Programmes about medical subjects, health etc</Definition>
			</Term>
			<Term termID="3.1.6.8">
				<Name xml:lang="en">Technology</Name>
			</Term>
			<Term termID="3.1.6.9">
				<Name xml:lang="en">Physiology</Name>
			</Term>
			<Term termID="3.1.6.10">
				<Name xml:lang="en">Psychology</Name>
			</Term>
			<Term termID="3.1.6.11">
				<Name xml:lang="en">Social</Name>
			</Term>
			<Term termID="3.1.6.12">
				<Name xml:lang="en">Spiritual</Name>
			</Term>
			<Term termID="3.1.6.13">
				<Name xml:lang="en">Mathematics</Name>
			</Term>
			<Term termID="3.1.6.14">
				<Name xml:lang="en">Archaeology</Name>
			</Term>
		</Term>
		<Term termID="3.1.7">
			<Name xml:lang="en">Human interest</Name>
			<Term termID="3.1.7.1">
				<Name xml:lang="en">Reality</Name>
				<Definition xml:lang="en">Programme based on real life, usually by the camera
                    observing without changing what is happening ('fly on the wall documentary' for example)</Definition>
			</Term>
			<Term termID="3.1.7.2">
				<Name xml:lang="en">Society/Show business/Gossip</Name>
			</Term>
			<Term termID="3.1.7.3">
				<Name xml:lang="en">Biography/Notable personalities</Name>
			</Term>
			<Term termID="3.1.7.4">
				<Name xml:lang="en">Personal problems</Name>
			</Term>
			<Term termID="3.1.7.5">
				<Name xml:lang="en">Investigative journalism</Name>
			</Term>
			<Term termID="3.1.7.6">
				<Name xml:lang="en">Museums</Name>
			</Term>
			<Term termID="3.1.7.7">
				<Name xml:lang="en">Religious buildings</Name>
			</Term>
		</Term>
		<Term termID="3.1.8">
			<Name xml:lang="en">Transport and Communications</Name>
			<Term termID="3.1.8.1">
				<Name xml:lang="en">Air</Name>
				<Definition xml:lang="en">Programme consisting of elements on aviation as means of
                    commercial aviation. Elements concerning private pilots and general aviation
                    should go in leisure/Hobbies, aviation (3.3.34) Programme consisting of elements
                    on aviation as sport should go in (3.2.14)</Definition>
			</Term>
			<Term termID="3.1.8.2">
				<Name xml:lang="en">Land</Name>
			</Term>
			<Term termID="3.1.8.3">
				<Name xml:lang="en">Sea</Name>
			</Term>
			<Term termID="3.1.8.4">
				<Name xml:lang="en">Space</Name>
			</Term>
		</Term>
		<Term termID="3.1.9">
			<Name xml:lang="en">Events</Name>
			<Term termID="3.1.9.1">
				<Name xml:lang="en">Anniversary</Name>
				<Definition xml:lang="en">eg: Royal family jubilee, programme marking the
                    anniversary of a war</Definition>
			</Term>
			<Term termID="3.1.9.2">
				<Name xml:lang="en">Fair</Name>
			</Term>
			<Term termID="3.1.9.3">
				<Name xml:lang="en">Tradeshow</Name>
			</Term>
			<Term termID="3.1.9.4">
				<Name xml:lang="en">Musical</Name>
			</Term>
			<Term termID="3.1.9.5">
				<Name xml:lang="en">Exhibition</Name>
			</Term>
		</Term>
	</Term>
	<Term termID="3.2">
		<Name xml:lang="en">Sports</Name>
		<Term termID="3.2.1">
			<Name xml:lang="en">Athletics</Name>
			<Term termID="3.2.1.1">
				<Name xml:lang="en">Field</Name>
			</Term>
			<Term termID="3.2.1.2">
				<Name xml:lang="en">Track</Name>
			</Term>
			<Term termID="3.2.1.3">
				<Name xml:lang="en">Combined athletics</Name>
			</Term>
			<Term termID="3.2.1.4">
				<Name xml:lang="en">Running</Name>
			</Term>
			<Term termID="3.2.1.5">
				<Name xml:lang="en">Cross-country</Name>
			</Term>
			<Term termID="3.2.1.6">
				<Name xml:lang="en">Triathlon</Name>
			</Term>
		</Term>
		<Term termID="3.2.2">
			<Name xml:lang="en">Cycling/Bicycle</Name>
			<Term termID="3.2.2.1">
				<Name xml:lang="en">Mountainbike</Name>
			</Term>
			<Term termID="3.2.2.2">
				<Name xml:lang="en">Bicross</Name>
			</Term>
			<Term termID="3.2.2.3">
				<Name xml:lang="en">Indoor cycling</Name>
			</Term>
			<Term termID="3.2.2.4">
				<Name xml:lang="en">Road cycling</Name>
			</Term>
		</Term>
		<Term termID="3.2.3">
			<Name xml:lang="en">Team sports</Name>
			<Term termID="3.2.3.1">
				<Name xml:lang="en">Football (American)</Name>
			</Term>
			<Term termID="3.2.3.2">
				<Name xml:lang="en">Football (Australian)</Name>
			</Term>
			<Term termID="3.2.3.3">
				<Name xml:lang="en">Football (Gaelic)</Name>
			</Term>
			<Term termID="3.2.3.4">
				<Name xml:lang="en">Football (Indoor)</Name>
			</Term>
			<Term termID="3.2.3.5">
				<Name xml:lang="en">Beach soccer</Name>
			</Term>
			<Term termID="3.2.3.6">
				<Name xml:lang="en">Bandy</Name>
			</Term>
			<Term termID="3.2.3.7">
				<Name xml:lang="en">Baseball</Name>
			</Term>
			<Term termID="3.2.3.8">
				<Name xml:lang="en">Basketball</Name>
			</Term>
			<Term termID="3.2.3.9">
				<Name xml:lang="en">Cricket</Name>
			</Term>
			<Term termID="3.2.3.10">
				<Name xml:lang="en">Croquet</Name>
			</Term>
			<Term termID="3.2.3.11">
				<Name xml:lang="en">Faustball</Name>
			</Term>
			<Term termID="3.2.3.12">
				<Name xml:lang="en">Football (Soccer)</Name>
			</Term>
			<Term termID="3.2.3.13">
				<Name xml:lang="en">Handball</Name>
			</Term>
			<Term termID="3.2.3.14">
				<Name xml:lang="en">Hockey</Name>
			</Term>
			<Term termID="3.2.3.15">
				<Name xml:lang="en">Korfball</Name>
			</Term>
			<Term termID="3.2.3.16">
				<Name xml:lang="en">Lacrosse</Name>
			</Term>
			<Term termID="3.2.3.17">
				<Name xml:lang="en">Netball</Name>
			</Term>
			<Term termID="3.2.3.18">
				<Name xml:lang="en">Roller skating</Name>
			</Term>
			<Term termID="3.2.3.19">
				<Name xml:lang="en">Rugby</Name>
			</Term>
			<Term termID="3.2.3.19.1">
				<Name xml:lang="en">Rugby union</Name>
			</Term>
			<Term termID="3.2.3.19.2">
				<Name xml:lang="en">Rugby league</Name>
			</Term>
			<Term termID="3.2.3.20">
				<Name xml:lang="en">Softball</Name>
			</Term>
			<Term termID="3.2.3.21">
				<Name xml:lang="en">Volleyball</Name>
			</Term>
			<Term termID="3.2.3.22">
				<Name xml:lang="en">Beach volley</Name>
			</Term>
			<Term termID="3.2.3.23">
				<Name xml:lang="en">Hurling</Name>
			</Term>
			<Term termID="3.2.3.24">
				<Name xml:lang="en">Flying Disc/ Frisbee</Name>
			</Term>
		</Term>
		<Term termID="3.2.4">
			<Name xml:lang="en">Racket sports</Name>
			<Term termID="3.2.4.1">
				<Name xml:lang="en">Badminton</Name>
			</Term>
			<Term termID="3.2.4.2">
				<Name xml:lang="en">Racketball</Name>
			</Term>
			<Term termID="3.2.4.3">
				<Name xml:lang="en">Short tennis</Name>
			</Term>
			<Term termID="3.2.4.4">
				<Name xml:lang="en">Soft tennis</Name>
			</Term>
			<Term termID="3.2.4.5">
				<Name xml:lang="en">Squash</Name>
			</Term>
			<Term termID="3.2.4.6">
				<Name xml:lang="en">Table tennis</Name>
			</Term>
			<Term termID="3.2.4.7">
				<Name xml:lang="en">Tennis</Name>
			</Term>
		</Term>
		<Term termID="3.2.5">
			<Name xml:lang="en">Martial Arts</Name>
			<Term termID="3.2.5.1">
				<Name xml:lang="en">Aikido</Name>
			</Term>
			<Term termID="3.2.5.2">
				<Name xml:lang="en">Jai-alai</Name>
			</Term>
			<Term termID="3.2.5.3">
				<Name xml:lang="en">Judo</Name>
			</Term>
			<Term termID="3.2.5.4">
				<Name xml:lang="en">Ju-jitsu</Name>
			</Term>
			<Term termID="3.2.5.5">
				<Name xml:lang="en">Karate</Name>
			</Term>
			<Term termID="3.2.5.6">
				<Name xml:lang="en">Sumo/Fighting games</Name>
			</Term>
			<Term termID="3.2.5.7">
				<Name xml:lang="en">Sambo</Name>
			</Term>
			<Term termID="3.2.5.8">
				<Name xml:lang="en">Taekwondo</Name>
			</Term>
		</Term>
		<Term termID="3.2.6">
			<Name xml:lang="en">Water sports</Name>
			<Term termID="3.2.6.1">
				<Name xml:lang="en">Bodyboarding</Name>
			</Term>
			<Term termID="3.2.6.2">
				<Name xml:lang="en">Yatching</Name>
			</Term>
			<Term termID="3.2.6.3">
				<Name xml:lang="en">Canoeing</Name>
			</Term>
			<Term termID="3.2.6.4">
				<Name xml:lang="en">Diving</Name>
			</Term>
			<Term termID="3.2.6.5">
				<Name xml:lang="en">Fishing</Name>
			</Term>
			<Term termID="3.2.6.6">
				<Name xml:lang="en">Polo</Name>
			</Term>
			<Term termID="3.2.6.7">
				<Name xml:lang="en">Rowing</Name>
			</Term>
			<Term termID="3.2.6.8">
				<Name xml:lang="en">Sailing</Name>
			</Term>
			<Term termID="3.2.6.9">
				<Name xml:lang="en">Sub-aquatics</Name>
			</Term>
			<Term termID="3.2.6.10">
				<Name xml:lang="en">Surfing</Name>
			</Term>
			<Term termID="3.2.6.11">
				<Name xml:lang="en">Swimming</Name>
			</Term>
			<Term termID="3.2.6.12">
				<Name xml:lang="en">Water polo</Name>
			</Term>
			<Term termID="3.2.6.13">
				<Name xml:lang="en">Water skiing</Name>
			</Term>
			<Term termID="3.2.6.14">
				<Name xml:lang="en">Windsurfing</Name>
			</Term>
		</Term>
		<Term termID="3.2.7">
			<Name xml:lang="en">Winter sports</Name>
			<Term termID="3.2.7.1">
				<Name xml:lang="en">Bobsleigh/Tobogganing</Name>
			</Term>
			<Term termID="3.2.7.2">
				<Name xml:lang="en">Curling</Name>
			</Term>
			<Term termID="3.2.7.3">
				<Name xml:lang="en">Ice-hockey</Name>
			</Term>
			<Term termID="3.2.7.4">
				<Name xml:lang="en">Ice-skating</Name>
			</Term>
			<Term termID="3.2.7.5">
				<Name xml:lang="en">Luge</Name>
			</Term>
			<Term termID="3.2.7.6">
				<Name xml:lang="en">Skating</Name>
			</Term>
			<Term termID="3.2.7.7">
				<Name xml:lang="en">Skibob</Name>
			</Term>
			<Term termID="3.2.7.8">
				<Name xml:lang="en">Skiing</Name>
			</Term>
			<Term termID="3.2.7.9">
				<Name xml:lang="en">Sleddog</Name>
			</Term>
			<Term termID="3.2.7.10">
				<Name xml:lang="en">Snowboarding</Name>
			</Term>
			<Term termID="3.2.7.11">
				<Name xml:lang="en">Alpine skiing</Name>
			</Term>
			<Term termID="3.2.7.12">
				<Name xml:lang="en">Freestyle skiing </Name>
			</Term>
			<Term termID="3.2.7.13">
				<Name xml:lang="en">Inline skating</Name>
			</Term>
			<Term termID="3.2.7.14">
				<Name xml:lang="en">Nordic skiing</Name>
			</Term>
			<Term termID="3.2.7.15">
				<Name xml:lang="en">Ski jumping</Name>
			</Term>
			<Term termID="3.2.7.16">
				<Name xml:lang="en">Speed skating</Name>
			</Term>
			<Term termID="3.2.7.17">
				<Name xml:lang="en">Figure skating</Name>
			</Term>
			<Term termID="3.2.7.18">
				<Name xml:lang="en">Ice-dance</Name>
			</Term>
			<Term termID="3.2.7.19">
				<Name xml:lang="en">Marathon</Name>
			</Term>
			<Term termID="3.2.7.20">
				<Name xml:lang="en">Short-track</Name>
			</Term>
			<Term termID="3.2.7.21">
				<Name xml:lang="en">Biathlon</Name>
			</Term>
		</Term>
		<Term termID="3.2.8">
			<Name xml:lang="en">Motor sports</Name>
			<Term termID="3.2.8.1">
				<Name xml:lang="en">Motor/Auto racing</Name>
			</Term>
			<Term termID="3.2.8.2">
				<Name xml:lang="en">Motor boating/Motor racing</Name>
			</Term>
			<Term termID="3.2.8.3">
				<Name xml:lang="en">Motor cycling</Name>
			</Term>
			<Term termID="3.2.8.4">
				<Name xml:lang="en">Formula 1</Name>
			</Term>
			<Term termID="3.2.8.5">
				<Name xml:lang="en">Indy car</Name>
			</Term>
			<Term termID="3.2.8.6">
				<Name xml:lang="en">Karting</Name>
			</Term>
			<Term termID="3.2.8.7">
				<Name xml:lang="en">Rally</Name>
			</Term>
			<Term termID="3.2.8.8">
				<Name xml:lang="en">Trucking</Name>
			</Term>
			<Term termID="3.2.8.9">
				<Name xml:lang="en">Tractor pulling</Name>
			</Term>
			<Term termID="3.2.8.10">
				<Name xml:lang="en">Auto racing</Name>
			</Term>
		</Term>
		<Term termID="3.2.9">
			<Name xml:lang="en">'Social' sports</Name>
			<Term termID="3.2.9.1">
				<Name xml:lang="en">Billiards</Name>
			</Term>
			<Term termID="3.2.9.2">
				<Name xml:lang="en">Boules</Name>
			</Term>
			<Term termID="3.2.9.3">
				<Name xml:lang="en">Bowling</Name>
			</Term>
			<Term termID="3.2.9.4">
				<Name xml:lang="en">Chess</Name>
			</Term>
			<Term termID="3.2.9.5">
				<Name xml:lang="en">Dance sport</Name>
			</Term>
			<Term termID="3.2.9.6">
				<Name xml:lang="en">Darts</Name>
			</Term>
			<Term termID="3.2.9.7">
				<Name xml:lang="en">Pool</Name>
			</Term>
			<Term termID="3.2.9.8">
				<Name xml:lang="en">Snooker</Name>
			</Term>
			<Term termID="3.2.9.9">
				<Name xml:lang="en">Tug-of-war</Name>
			</Term>
			<Term termID="3.2.9.10">
				<Name xml:lang="en">Balle pelote</Name>
			</Term>
			<Term termID="3.2.9.11">
				<Name xml:lang="en">Basque pelote</Name>
			</Term>
			<Term termID="3.2.9.12">
				<Name xml:lang="en">Trickshot</Name>
			</Term>
		</Term>
		<Term termID="3.2.10">
			<Name xml:lang="en">Gymnastics</Name>
			<Term termID="3.2.10.1">
				<Name xml:lang="en">Assymetric bars</Name>
			</Term>
			<Term termID="3.2.10.2">
				<Name xml:lang="en">Beam</Name>
			</Term>
			<Term termID="3.2.10.3">
				<Name xml:lang="en">Horse</Name>
			</Term>
			<Term termID="3.2.10.4">
				<Name xml:lang="en">Mat</Name>
			</Term>
			<Term termID="3.2.10.5">
				<Name xml:lang="en">Parallel bars</Name>
			</Term>
			<Term termID="3.2.10.6">
				<Name xml:lang="en">Rings</Name>
			</Term>
			<Term termID="3.2.10.7">
				<Name xml:lang="en">Trampoline</Name>
			</Term>
		</Term>
		<Term termID="3.2.11">
			<Name xml:lang="en">Equestrian</Name>
			<Term termID="3.2.11.1">
				<Name xml:lang="en">Cart</Name>
			</Term>
			<Term termID="3.2.11.2">
				<Name xml:lang="en">Dressage</Name>
			</Term>
			<Term termID="3.2.11.3">
				<Name xml:lang="en">Horse racing</Name>
			</Term>
			<Term termID="3.2.11.4">
				<Name xml:lang="en">Polo</Name>
			</Term>
			<Term termID="3.2.11.5">
				<Name xml:lang="en">Jumping</Name>
			</Term>
			<Term termID="3.2.11.6">
				<Name xml:lang="en">Crossing</Name>
			</Term>
			<Term termID="3.2.11.7">
				<Name xml:lang="en">Trotting</Name>
				<Definition xml:lang="en">Horse with two wheel cart and a jockey</Definition>
			</Term>
		</Term>
		<Term termID="3.2.12">
			<Name xml:lang="en">Adventure sports</Name>
			<Term termID="3.2.12.1">
				<Name xml:lang="en">Archery</Name>
			</Term>
			<Term termID="3.2.12.2">
				<Name xml:lang="en">Extreme sports</Name>
			</Term>
			<Term termID="3.2.12.3">
				<Name xml:lang="en">Mountaineering</Name>
			</Term>
			<Term termID="3.2.12.4">
				<Name xml:lang="en">Climbing</Name>
			</Term>
			<Term termID="3.2.12.5">
				<Name xml:lang="en">Orienteering</Name>
			</Term>
			<Term termID="3.2.12.6">
				<Name xml:lang="en">Shooting</Name>
			</Term>
			<Term termID="3.2.12.7">
				<Name xml:lang="en">Sport acrobatics</Name>
			</Term>
			<Term termID="3.2.12.8">
				<Name xml:lang="en">Rafting</Name>
			</Term>
		</Term>
		<Term termID="3.2.13">
			<Name xml:lang="en">Strength-based sports</Name>
			<Term termID="3.2.13.1">
				<Name xml:lang="en">Body-building</Name>
			</Term>
			<Term termID="3.2.13.2">
				<Name xml:lang="en">Boxing</Name>
			</Term>
			<Term termID="3.2.13.3">
				<Name xml:lang="en">Combative sports</Name>
			</Term>
			<Term termID="3.2.13.4">
				<Name xml:lang="en">Power-lifting</Name>
			</Term>
			<Term termID="3.2.13.5">
				<Name xml:lang="en">Weight-lifting</Name>
			</Term>
			<Term termID="3.2.13.6">
				<Name xml:lang="en">Wrestling</Name>
			</Term>
		</Term>
		<Term termID="3.2.14">
			<Name xml:lang="en">Air sports</Name>
			<Definition xml:lang="en">Programme consisting of elements on aviation as sport.
                Elements concerning commercial aviation should be categoriesed in Air Transport
                (3.1.8.1) and elements concerning private pilots and general aviation should go in
                Leisure/Hobbies, aviation (3.3.34) </Definition>
			<Term termID="3.2.14.1">
				<Name xml:lang="en">Ballooning</Name>
			</Term>
			<Term termID="3.2.14.2">
				<Name xml:lang="en">Hang gliding</Name>
			</Term>
			<Term termID="3.2.14.3">
				<Name xml:lang="en">Sky diving</Name>
			</Term>
			<Term termID="3.2.14.4">
				<Name xml:lang="en">Delta-plane</Name>
			</Term>
			<Term termID="3.2.14.5">
				<Name xml:lang="en">Parachuting</Name>
			</Term>
			<Term termID="3.2.14.6">
				<Name xml:lang="en">Kiting</Name>
			</Term>
			<Term termID="3.2.14.7">
				<Name xml:lang="en">Aeronautics</Name>
			</Term>
			<Term termID="3.2.14.8">
				<Name xml:lang="en">Gliding</Name>
				<Definition xml:lang="en">Airplane without engine </Definition>
			</Term>
			<Term termID="3.2.14.9">
				<Name xml:lang="en">Flying</Name>
				<Definition xml:lang="en">Airplane with engine(s)</Definition>
			</Term>
			<Term termID="3.2.14.10">
				<Name xml:lang="en">Aerobatics</Name>
			</Term>
		</Term>
		<Term termID="3.2.15">
			<Name xml:lang="en">Golf</Name>
		</Term>
		<Term termID="3.2.16">
			<Name xml:lang="en">Fencing</Name>
		</Term>
		<Term termID="3.2.17">
			<Name xml:lang="en">Dog racing</Name>
		</Term>
		<Term termID="3.2.18">
			<Name xml:lang="en">Casting</Name>
		</Term>
		<Term termID="3.2.19">
			<Name xml:lang="en">Maccabi</Name>
		</Term>
		<Term termID="3.2.20">
			<Name xml:lang="en">Modern Pentathlon</Name>
		</Term>
		<Term termID="3.2.21">
			<Name xml:lang="en">Sombo</Name>
		</Term>
	</Term>
	<Term termID="3.3">
		<Name xml:lang="en">Leisure/Hobby</Name>
		<Term termID="3.3.1">
			<Name xml:lang="en">Do-it-yourself</Name>
			<Definition xml:lang="en">Where the consumer is given advice on how to perform home
                improvements themselves</Definition>
		</Term>
		<Term termID="3.3.2">
			<Name xml:lang="en">Cookery</Name>
		</Term>
		<Term termID="3.3.3">
			<Name xml:lang="en">Gardening</Name>
		</Term>
		<Term termID="3.3.4">
			<Name xml:lang="en">Travel/Tourism</Name>
		</Term>
		<Term termID="3.3.5">
			<Name xml:lang="en">Adventure/Expeditions</Name>
		</Term>
		<Term termID="3.3.6">
			<Name xml:lang="en">Fishing</Name>
		</Term>
		<Term termID="3.3.7">
			<Name xml:lang="en">Outdoor</Name>
			<Definition xml:lang="en">Hiking, rambling</Definition>
		</Term>
		<Term termID="3.3.8">
			<Name xml:lang="en">Pet</Name>
		</Term>
		<Term termID="3.3.9">
			<Name xml:lang="en">Craft/Handicraft</Name>
			<Definition xml:lang="en">Sewing, model making, pottery</Definition>
		</Term>
		<Term termID="3.3.10">
			<Name xml:lang="en">Art</Name>
		</Term>
		<Term termID="3.3.11">
			<Name xml:lang="en">Music</Name>
			<Definition xml:lang="en">Teaching how to play musical imstruments on learning how to
                appreciate music</Definition>
		</Term>
		<Term termID="3.3.12">
			<Name xml:lang="en">Board Games</Name>
			<Definition xml:lang="en">Monopoply, mah jong etc</Definition>
		</Term>
		<Term termID="3.3.13">
			<Name xml:lang="en">Computer Games</Name>
			<Definition xml:lang="en">Programme about games played on a computer</Definition>
		</Term>
		<Term termID="3.3.14">
			<Name xml:lang="en">Card Cames</Name>
			<Definition xml:lang="en">Bridge, poker, etc</Definition>
		</Term>
		<Term termID="3.3.15">
			<Name xml:lang="en">Fitness/Keep-fit</Name>
		</Term>
		<Term termID="3.3.16">
			<Name xml:lang="en">Personal health</Name>
		</Term>
		<Term termID="3.3.17">
			<Name xml:lang="en">Car</Name>
		</Term>
		<Term termID="3.3.18">
			<Name xml:lang="en">Motorcycle/Motoring</Name>
		</Term>
		<Term termID="3.3.19">
			<Name xml:lang="en">Fashion</Name>
		</Term>
		<Term termID="3.3.20">
			<Name xml:lang="en">Life/ House Keeping/Lifestyle</Name>
		</Term>
		<Term termID="3.3.21">
			<Name xml:lang="en">Technology/Computing</Name>
		</Term>
		<Term termID="3.3.22">
			<Name xml:lang="en">Gaming</Name>
			<Definition xml:lang="en">Non card games such as roulette, craps, etc</Definition>
		</Term>
		<Term termID="3.3.23">
			<Name xml:lang="en">Shopping</Name>
			<Definition xml:lang="en">Consumer shopping advice: Not a programme designed to sell a
                specific product to the consumer</Definition>
		</Term>
		<Term termID="3.3.24">
			<Name xml:lang="en">Adult</Name>
		</Term>
		<Term termID="3.3.25">
			<Name xml:lang="en">Road safety</Name>
		</Term>
		<Term termID="3.3.26">
			<Name xml:lang="en">Consumer advice</Name>
		</Term>
		<Term termID="3.3.27">
			<Name xml:lang="en">Employment advice</Name>
		</Term>
		<Term termID="3.3.28">
			<Name xml:lang="en">Boating</Name>
		</Term>
		<Term termID="3.3.29">
			<Name xml:lang="en">Parenting</Name>
		</Term>
		<Term termID="3.3.30">
			<Name xml:lang="en">Self-help</Name>
		</Term>
		<Term termID="3.3.31">
			<Name xml:lang="en">Collectibles</Name>
		</Term>
		<Term termID="3.3.32">
			<Name xml:lang="en">Jewellery</Name>
		</Term>
		<Term termID="3.3.33">
			<Name xml:lang="en">Beauty</Name>
		</Term>
		<Term termID="3.3.34">
			<Name xml:lang="en">Aviation</Name>
			<Definition xml:lang="en">Programme consisting of elements on aviation as a hobby, e.g.
                private pilots and general aviation. Elements concerning commercial avaiaton should
                be categoriesed in Air Transport (3.1.8.1) and elements concerning Aviation as a
                sport should be in 3.2.14 and its sub-categories</Definition>
		</Term>
	</Term>
	<Term termID="3.4">
		<Name xml:lang="en">Fiction</Name>
		<Definition xml:lang="en">Programme consisting of a prose or verse composition, resp. one
            telling a story, written for or as if for performance by actors, pup­pets or animated</Definition>
		<Term termID="3.4.1">
			<Name xml:lang="en">General light drama</Name>
			<Definition xml:lang="en">Drama written after approximately 1918 and without literary or
                cultural pretensions</Definition>
		</Term>
		<Term termID="3.4.2">
			<Name xml:lang="en">Soap</Name>
			<Definition xml:lang="en">Dramatised serial programme dealing with easy-to-grasp
                situations performed by a limited cast</Definition>
			<Term termID="3.4.2.1">
				<Name xml:lang="en">Soap opera</Name>
			</Term>
			<Term termID="3.4.2.2">
				<Name xml:lang="en">Soap special</Name>
			</Term>
			<Term termID="3.4.2.3">
				<Name xml:lang="en">Soap talk</Name>
			</Term>
		</Term>
		<Term termID="3.4.3">
			<Name xml:lang="en">Romance</Name>
		</Term>
		<Term termID="3.4.4">
			<Name xml:lang="en">Legal Melodrama</Name>
			<Definition xml:lang="en">Drama production where the primary action takes place in law
                courts and/or law firms</Definition>
		</Term>
		<Term termID="3.4.5">
			<Name xml:lang="en">Medical melodrama</Name>
			<Definition xml:lang="en">Drama production situated in hospitals and/or dealing with
                medical subjects</Definition>
		</Term>
		<Term termID="3.4.6">
			<Name xml:lang="en">Action</Name>
			<Term termID="3.4.6.1">
				<Name xml:lang="en">Adventure</Name>
			</Term>
			<Term termID="3.4.6.2">
				<Name xml:lang="en">Disaster</Name>
			</Term>
			<Term termID="3.4.6.3">
				<Name xml:lang="en">Mystery</Name>
			</Term>
			<Term termID="3.4.6.4">
				<Name xml:lang="en">Detective</Name>
			</Term>
			<Term termID="3.4.6.5">
				<Name xml:lang="en">Historical/Epic</Name>
			</Term>
			<Term termID="3.4.6.6">
				<Name xml:lang="en">Horror</Name>
			</Term>
			<Term termID="3.4.6.7">
				<Name xml:lang="en">Science fiction</Name>
			</Term>
			<Term termID="3.4.6.8">
				<Name xml:lang="en">War</Name>
			</Term>
			<Term termID="3.4.6.9">
				<Name xml:lang="en">Western</Name>
			</Term>
			<Term termID="3.4.6.10">
				<Name xml:lang="en">Thriller</Name>
			</Term>
			<Term termID="3.4.6.11">
				<Name xml:lang="en">Sports</Name>
			</Term>
			<Term termID="3.4.6.12">
				<Name xml:lang="en">Martial arts</Name>
			</Term>
			<Term termID="3.4.6.13">
				<Name xml:lang="en">Epic</Name>
				<Definition xml:lang="en">Dramatized narrative about the deeds of a traditional or
                    historical hero or heroes and/or dealing with or characterised by events of
                    historical or legendary importance</Definition>
			</Term>
		</Term>
		<Term termID="3.4.7">
			<Name xml:lang="en">Fantasy/Fairy tale</Name>
		</Term>
		<Term termID="3.4.8">
			<Name xml:lang="en">Erotica</Name>
		</Term>
		<Term termID="3.4.9">
			<Name xml:lang="en">Drama based on real events (docudrama)</Name>
			<Definition xml:lang="en">Drama based upon reality sometimes with documentary inserts</Definition>
		</Term>
		<Term termID="3.4.10">
			<Name xml:lang="en">Musical</Name>
		</Term>
		<Term termID="3.4.11">
			<Name xml:lang="en">Comedy</Name>
			<Definition xml:lang="en">Drama in a humourous style</Definition>
		</Term>
		<Term termID="3.4.12">
			<Name xml:lang="en">Effect movies</Name>
		</Term>
		<Term termID="3.4.13">
			<Name xml:lang="en">Classical drama</Name>
			<Definition xml:lang="en">Drama written before approximately 1918</Definition>
		</Term>
		<Term termID="3.4.14">
			<Name xml:lang="en">Period drama</Name>
			<Definition xml:lang="en">Drama depicting events before 1918</Definition>
		</Term>
		<Term termID="3.4.15">
			<Name xml:lang="en">Contemporary drama</Name>
			<Definition xml:lang="en">Drama written after approximately 1918 and with literary
                and/or cultural value</Definition>
		</Term>
		<Term termID="3.4.16">
			<Name xml:lang="en">Religious</Name>
		</Term>
		<Term termID="3.4.17">
			<Name xml:lang="en">Poems/Stories</Name>
		</Term>
		<Term termID="3.4.18">
			<Name xml:lang="en">Biography</Name>
		</Term>
		<Term termID="3.4.19">
			<Name xml:lang="en">Psychological drama</Name>
		</Term>
	</Term>
	<Term termID="3.5">
		<Name xml:lang="en">Amusement</Name>
		<Term termID="3.5.1">
			<Name xml:lang="en">Game show</Name>
		</Term>
		<Term termID="3.5.2">
			<Name xml:lang="en">Quiz/Contest</Name>
			<Definition xml:lang="en">Competitions calling into play the competitors' special
                knowledge and intelligence</Definition>
		</Term>
		<Term termID="3.5.3">
			<Name xml:lang="en">Variety show</Name>
			<Definition xml:lang="en">Programme with various performers such as comedians,
                magicians, singers etc</Definition>
		</Term>
		<Term termID="3.5.4">
			<Name xml:lang="en">Surprise show</Name>
			<Definition xml:lang="en">Programme of 'dream comes true' type</Definition>
		</Term>
		<Term termID="3.5.5">
			<Name xml:lang="en">Reality show</Name>
		</Term>
		<Term termID="3.5.6">
			<Name xml:lang="en">Candid camera</Name>
			<Definition xml:lang="en">Programme in which the recording device is hidden so the
                participants are not aware they are being recorded</Definition>
		</Term>
		<Term termID="3.5.7">
			<Name xml:lang="en">Comedy</Name>
			<Term termID="3.5.7.1">
				<Name xml:lang="en">Broken comedy</Name>
				<Definition xml:lang="en">Humorous and/or satirical programme consisting of short
                    dramatical sequences, sketches, performed by comedians</Definition>
			</Term>
			<Term termID="3.5.7.2">
				<Name xml:lang="en">Romantic comedy</Name>
			</Term>
			<Term termID="3.5.7.3">
				<Name xml:lang="en">Sitcom</Name>
				<Definition xml:lang="en">Dramatized series in a humourous style and performed by a
                    more or less fixed cast</Definition>
			</Term>
			<Term termID="3.5.7.4">
				<Name xml:lang="en">Satire</Name>
			</Term>
		</Term>
		<Term termID="3.5.9">
			<Name xml:lang="en">Humour</Name>
			<Definition xml:lang="en">Programme without sketches or 'broken drama', consisting
                (mainly) of verbal jokes, gags, bloopers etc</Definition>
		</Term>
		<Term termID="3.5.10">
			<Name xml:lang="en">Magic/Hypnotism</Name>
		</Term>
		<Term termID="3.5.11">
			<Name xml:lang="en">Circus</Name>
		</Term>
		<Term termID="3.5.12">
			<Name xml:lang="en">Dating show</Name>
		</Term>
		<Term termID="3.5.13">
			<Name xml:lang="en">Bullfighting</Name>
		</Term>
		<Term termID="3.5.14">
			<Name xml:lang="en">Rodeo</Name>
		</Term>
		<Term termID="3.5.15">
			<Name xml:lang="en">Airshow</Name>
			<Definition xml:lang="en">A programme depicting an organised event of an aeronautical nature</Definition>
		</Term>
	</Term>
	<Term termID="3.6">
		<Name xml:lang="en">Music</Name>
		<Term termID="3.6.1">
			<Name xml:lang="en">Classical music</Name>
			<Definition xml:lang="en">Serious music including chamber, instrumental, operatic,
                symphonic, vocal and choral music</Definition>
			<Term termID="3.6.1.1">
				<Name xml:lang="en">Early</Name>
				<Definition xml:lang="en">Music written before the middle of the 17th Century</Definition>
			</Term>
			<Term termID="3.6.1.2">
				<Name xml:lang="en">Classical</Name>
				<Definition xml:lang="en">Serious music from the middle of the 18th until the end of
                    the 19th Century</Definition>
			</Term>
			<Term termID="3.6.1.3">
				<Name xml:lang="en">Romantic</Name>
			</Term>
			<Term termID="3.6.1.4">
				<Name xml:lang="en">Contemporary</Name>
				<Definition xml:lang="en">Serious music from the 20th Century onwards</Definition>
			</Term>
			<Term termID="3.6.1.5">
				<Name xml:lang="en">Light classical</Name>
				<Definition xml:lang="en">Music by Strauss, Lehar etc</Definition>
			</Term>
			<Term termID="3.6.1.6">
				<Name xml:lang="en">Middle Ages</Name>
			</Term>
			<Term termID="3.6.1.7">
				<Name xml:lang="en">Renaissance</Name>
			</Term>
			<Term termID="3.6.1.8">
				<Name xml:lang="en">Baroque</Name>
			</Term>
			<Term termID="3.6.1.9">
				<Name xml:lang="en">Opera</Name>
			</Term>
			<Term termID="3.6.1.10">
				<Name xml:lang="en">Solo instruments (e.g. Piano)</Name>
			</Term>
			<Term termID="3.6.1.11">
				<Name xml:lang="en">Chamber</Name>
			</Term>
			<Term termID="3.6.1.12">
				<Name xml:lang="en">Symphonic</Name>
			</Term>
			<Term termID="3.6.1.13">
				<Name xml:lang="en">Vocal</Name>
			</Term>
			<Term termID="3.6.1.14">
				<Name xml:lang="en">Choral</Name>
			</Term>
		</Term>
		<Term termID="3.6.2">
			<Name xml:lang="en">Jazz</Name>
			<Definition xml:lang="en">Indigenous American popular music, born in New Orleans of
                African slaves social circumstances. The jazz idiom is characterized by certain
                syncopations over strongly reiterated rhythms in which improvisation plays an
                important part</Definition>
			<Term termID="3.6.2.1">
				<Name xml:lang="en">New Orleans/Early jazz</Name>
			</Term>
			<Term termID="3.6.2.2">
				<Name xml:lang="en">Big band/Swing/Dixie</Name>
				<Definition xml:lang="en">e.g Glenn Miller, Chris Barber</Definition>
			</Term>
			<Term termID="3.6.2.3">
				<Name xml:lang="en">Blues/Soul jazz</Name>
				<Definition xml:lang="en">e.g. L. Armstrong</Definition>
			</Term>
			<Term termID="3.6.2.4">
				<Name xml:lang="en">Bop/Hard bop/Bebop</Name>
				<Definition xml:lang="en">e.g. Sonny Rollings, Oscar Peterson, J. Coltrane, T. Monk</Definition>
			</Term>
			<Term termID="3.6.2.5">
				<Name xml:lang="en">Traditional/Smooth</Name>
			</Term>
			<Term termID="3.6.2.6">
				<Name xml:lang="en">Cool/Free</Name>
				<Definition xml:lang="en">e.g. Modern Jazz Quartet</Definition>
			</Term>
			<Term termID="3.6.2.7">
				<Name xml:lang="en">Modern/Acid/Avant-garde</Name>
			</Term>
			<Term termID="3.6.2.8">
				<Name xml:lang="en">Latin and World jazz</Name>
				<Definition xml:lang="en">e.g. Manu Dibango</Definition>
			</Term>
			<Term termID="3.6.2.9">
				<Name xml:lang="en">Pop jazz/Jazz funk</Name>
			</Term>
			<Term termID="3.6.2.10">
				<Name xml:lang="en">Acid jazz/Fusion</Name>
				<Definition xml:lang="en">e.g. G. Benson, Miles Davis</Definition>
			</Term>
		</Term>
		<Term termID="3.6.3">
			<Name xml:lang="en">Background music</Name>
			<Term termID="3.6.3.1">
				<Name xml:lang="en">Middle-of-the-road</Name>
				<Definition xml:lang="en">Music which, in varying circumstances, gives pleasure to
                    the widest possible spectrum of the music-loving audience</Definition>
			</Term>
			<Term termID="3.6.3.2">
				<Name xml:lang="en">Easy listening</Name>
			</Term>
			<Term termID="3.6.3.3">
				<Name xml:lang="en">Ambient</Name>
			</Term>
			<Term termID="3.6.3.4">
				<Name xml:lang="en">Mood music</Name>
			</Term>
			<Term termID="3.6.3.5">
				<Name xml:lang="en">Oldies</Name>
			</Term>
			<Term termID="3.6.3.6">
				<Name xml:lang="en">Love songs</Name>
			</Term>
			<Term termID="3.6.3.7">
				<Name xml:lang="en">Dance hall</Name>
			</Term>
			<Term termID="3.6.3.8">
				<Name xml:lang="en">Soundtrack</Name>
			</Term>
			<Term termID="3.6.3.9">
				<Name xml:lang="en">Trailer</Name>
			</Term>
			<Term termID="3.6.3.10">
				<Name xml:lang="en">Showtunes</Name>
			</Term>
			<Term termID="3.6.3.11">
				<Name xml:lang="en">TV</Name>
			</Term>
			<Term termID="3.6.3.12">
				<Name xml:lang="en">Cabaret</Name>
			</Term>
			<Term termID="3.6.3.13">
				<Name xml:lang="en">Instrumental</Name>
			</Term>
			<Term termID="3.6.3.14">
				<Name xml:lang="en">Sound clip</Name>
			</Term>
			<Term termID="3.6.3.15">
				<Name xml:lang="en">Retro</Name>
			</Term>
		</Term>
		<Term termID="3.6.4">
			<Name xml:lang="en">Pop-rock</Name>
			<Definition xml:lang="en">The most central and widely circulated types of popular music,
                in particular rock and roll, etc</Definition>
			<Term termID="3.6.4.1">
				<Name xml:lang="en">Pop</Name>
				<Definition xml:lang="en">e.g. early Beatles</Definition>
			</Term>
			<Term termID="3.6.4.2">
				<Name xml:lang="en">Chanson/Ballad</Name>
				<Definition xml:lang="en">e.g Juliette Gréco, Leonard Cohen</Definition>
			</Term>
			<Term termID="3.6.4.3">
				<Name xml:lang="en">Traditional rock and roll</Name>
				<Definition xml:lang="en">e.g. Elvis Presley</Definition>
			</Term>
			<Term termID="3.6.4.4">
				<Name xml:lang="en">Soft/Slow rock</Name>
				<Definition xml:lang="en">e.g. Paul Simon, James Taylor</Definition>
			</Term>
			<Term termID="3.6.4.5">
				<Name xml:lang="en">Classic/Dance/Pop-rock</Name>
				<Definition xml:lang="en">e.g. Michael Jackson, Spice Girls, Johnny Halliday,
                    Rolling Stones</Definition>
			</Term>
			<Term termID="3.6.4.6">
				<Name xml:lang="en">Folk</Name>
				<Definition xml:lang="en">e.g. Bob Dylan</Definition>
			</Term>
			<Term termID="3.6.4.7">
				<Name xml:lang="en">Punk/Funk rock</Name>
			</Term>
			<Term termID="3.6.4.8">
				<Name xml:lang="en">New Age</Name>
			</Term>
			<Term termID="3.6.4.9">
				<Name xml:lang="en">Instrumental/Band/Symphonic rock/Jam bands</Name>
			</Term>
			<Term termID="3.6.4.10">
				<Name xml:lang="en">Progressive/Alternative/Indie/Experimental/Art-rock</Name>
			</Term>
			<Term termID="3.6.4.11">
				<Name xml:lang="en">Seasonal/Holiday</Name>
				<Definition xml:lang="en">e.g. Christmas</Definition>
			</Term>
			<Term termID="3.6.4.12">
				<Name xml:lang="en">Japanese pop-rock</Name>
			</Term>
			<Term termID="3.6.4.13">
				<Name xml:lang="en">Karaoke/Singing contests</Name>
			</Term>
		</Term>
		<Term termID="3.6.5">
			<Name xml:lang="en">Blues/Rhythm and Blues/Soul/Gospel</Name>
			<Term termID="3.6.5.1">
				<Name xml:lang="en">Blues</Name>
			</Term>
			<Term termID="3.6.5.2">
				<Name xml:lang="en">R and B</Name>
			</Term>
			<Term termID="3.6.5.3">
				<Name xml:lang="en">Soul</Name>
			</Term>
			<Term termID="3.6.5.4">
				<Name xml:lang="en">Gospel</Name>
			</Term>
		</Term>
		<Term termID="3.6.6">
			<Name xml:lang="en">Country and Western</Name>
		</Term>
		<Term termID="3.6.7">
			<Name xml:lang="en">Rap/Hip Hop/Reggae</Name>
			<Term termID="3.6.7.1">
				<Name xml:lang="en">Rap/Christian rap</Name>
			</Term>
			<Term termID="3.6.7.2">
				<Name xml:lang="en">Hip Hop/Trip-Hop</Name>
			</Term>
			<Term termID="3.6.7.3">
				<Name xml:lang="en">Reggae</Name>
			</Term>
			<Term termID="3.6.7.4">
				<Name xml:lang="en">Ska/Gangsta</Name>
			</Term>
		</Term>
		<Term termID="3.6.8">
			<Name xml:lang="en">Electronic/Club/Urban/Dance</Name>
			<Term termID="3.6.8.1">
				<Name xml:lang="en">Acid/Punk/Acid Punk</Name>
			</Term>
			<Term termID="3.6.8.2">
				<Name xml:lang="en">Disco</Name>
			</Term>
			<Term termID="3.6.8.3">
				<Name xml:lang="en">Techno/Euro-Techno/Techno-Industrial/Industrial</Name>
			</Term>
			<Term termID="3.6.8.4">
				<Name xml:lang="en">House/Techno House</Name>
			</Term>
			<Term termID="3.6.8.5">
				<Name xml:lang="en">Rave</Name>
			</Term>
			<Term termID="3.6.8.6">
				<Name xml:lang="en">Jungle/Tribal</Name>
			</Term>
			<Term termID="3.6.8.7">
				<Name xml:lang="en">Trance</Name>
			</Term>
			<Term termID="3.6.8.8">
				<Name xml:lang="en">Punk</Name>
			</Term>
			<Term termID="3.6.8.9">
				<Name xml:lang="en">Garage/Psychedelic</Name>
			</Term>
			<Term termID="3.6.8.10">
				<Name xml:lang="en">Metal/Death metal/Pop metal</Name>
			</Term>
			<Term termID="3.6.8.11">
				<Name xml:lang="en">Drum and Bass</Name>
			</Term>
			<Term termID="3.6.8.12">
				<Name xml:lang="en">Pranks</Name>
			</Term>
			<Term termID="3.6.8.13">
				<Name xml:lang="en">Grunge</Name>
			</Term>
			<Term termID="3.6.8.14">
				<Name xml:lang="en">Dance/Dance-pop</Name>
			</Term>
		</Term>
		<Term termID="3.6.9">
			<Name xml:lang="en">World/Traditional/Ethnic/Folk music</Name>
			<Definition xml:lang="en">Music that is the product of a tradition that has been evolved
                through the process of oral transmission</Definition>
			<Term termID="3.6.9.1">
				<Name xml:lang="en">Africa</Name>
			</Term>
			<Term termID="3.6.9.2">
				<Name xml:lang="en">Asia</Name>
			</Term>
			<Term termID="3.6.9.3">
				<Name xml:lang="en">Australia/Oceania</Name>
			</Term>
			<Term termID="3.6.9.4">
				<Name xml:lang="en">Caribbean</Name>
			</Term>
			<Term termID="3.6.9.5">
				<Name xml:lang="en">Europe</Name>
			</Term>
			<Term termID="3.6.9.6">
				<Name xml:lang="en">Latin America</Name>
			</Term>
			<Term termID="3.6.9.7">
				<Name xml:lang="en">Middle East</Name>
			</Term>
			<Term termID="3.6.9.8">
				<Name xml:lang="en">North America</Name>
			</Term>
		</Term>
		<Term termID="3.6.10">
			<Name xml:lang="en">Hit-Chart/Song Requests</Name>
		</Term>
		<Term termID="3.6.11">
			<Name xml:lang="en">Children's songs</Name>
		</Term>
		<Term termID="3.6.12">
			<Name xml:lang="en">Event music</Name>
			<Term termID="3.6.12.1">
				<Name xml:lang="en">Wedding</Name>
			</Term>
			<Term termID="3.6.12.2">
				<Name xml:lang="en">Sports</Name>
			</Term>
			<Term termID="3.6.12.3">
				<Name xml:lang="en">Ceremonial/Chants</Name>
			</Term>
		</Term>
		<Term termID="3.6.13">
			<Name xml:lang="en">Spoken</Name>
		</Term>
		<Term termID="3.6.14">
			<Name xml:lang="en">Dance</Name>
			<Term termID="3.6.14.1">
				<Name xml:lang="en">Ballet</Name>
			</Term>
			<Term termID="3.6.14.2">
				<Name xml:lang="en">Tap</Name>
			</Term>
			<Term termID="3.6.14.3">
				<Name xml:lang="en">Modern</Name>
			</Term>
			<Term termID="3.6.14.4">
				<Name xml:lang="en">Classical</Name>
			</Term>
		</Term>
	</Term>
	<Term termID="3.7">
		<Name xml:lang="en">Interactive games</Name>
		<Term termID="3.7.1">
			<Name xml:lang="en">Content games categories</Name>
			<Term termID="3.7.1.1">
				<Name xml:lang="en">Action</Name>
			</Term>
			<Term termID="3.7.1.2">
				<Name xml:lang="en">Adventure</Name>
			</Term>
			<Term termID="3.7.1.3">
				<Name xml:lang="en">Fighting</Name>
			</Term>
			<Term termID="3.7.1.4">
				<Name xml:lang="en">Online</Name>
			</Term>
			<Term termID="3.7.1.5">
				<Name xml:lang="en">Platform</Name>
			</Term>
			<Term termID="3.7.1.6">
				<Name xml:lang="en">Puzzle</Name>
			</Term>
			<Term termID="3.7.1.7">
				<Name xml:lang="en">RPG/ MUDs</Name>
			</Term>
			<Term termID="3.7.1.8">
				<Name xml:lang="en">Racing</Name>
			</Term>
			<Term termID="3.7.1.9">
				<Name xml:lang="en">Simulation</Name>
			</Term>
			<Term termID="3.7.1.10">
				<Name xml:lang="en">Sports</Name>
			</Term>
			<Term termID="3.7.1.11">
				<Name xml:lang="en">Strategy</Name>
			</Term>
			<Term termID="3.7.1.12">
				<Name xml:lang="en">Wrestling</Name>
			</Term>
			<Term termID="3.7.1.13">
				<Name xml:lang="en">Classic/Retro</Name>
			</Term>
		</Term>
		<Term termID="3.7.2">
			<Name xml:lang="en">Style</Name>
			<Term termID="3.7.2.1">
				<Name xml:lang="en">Logic based</Name>
			</Term>
			<Term termID="3.7.2.2">
				<Name xml:lang="en">Word games</Name>
			</Term>
			<Term termID="3.7.2.3">
				<Name xml:lang="en">Positional</Name>
			</Term>
			<Term termID="3.7.2.4">
				<Name xml:lang="en">Board games</Name>
			</Term>
			<Term termID="3.7.2.5">
				<Name xml:lang="en">Text environments</Name>
			</Term>
			<Term termID="3.7.2.6">
				<Name xml:lang="en">Dynamic 2D/3D graphics</Name>
			</Term>
			<Term termID="3.7.2.7">
				<Name xml:lang="en">Non-linear video</Name>
			</Term>
		</Term>
	</Term>
	<Term termID="3.8">
		<Name xml:lang="en">Educational material</Name>
		<Term termID="3.8.1">
			<Name xml:lang="en">Educational categories</Name>
			<Term termID="3.8.1.1">
				<Name xml:lang="en">Applied sciences</Name>
			</Term>
			<Term termID="3.8.1.2">
				<Name xml:lang="en">Animals/Wildlife</Name>
			</Term>
			<Term termID="3.8.1.3">
				<Name xml:lang="en">Archaeology</Name>
			</Term>
			<Term termID="3.8.1.4">
				<Name xml:lang="en">Agriculture</Name>
			</Term>
			<Term termID="3.8.1.5">
				<Name xml:lang="en">Anthropology</Name>
			</Term>
			<Term termID="3.8.1.6">
				<Name xml:lang="en">Architecture</Name>
			</Term>
			<Term termID="3.8.1.7">
				<Name xml:lang="en">Art</Name>
			</Term>
			<Term termID="3.8.1.8">
				<Name xml:lang="en">Astronomy</Name>
			</Term>
			<Term termID="3.8.1.9">
				<Name xml:lang="en">Biology</Name>
			</Term>
			<Term termID="3.8.1.10">
				<Name xml:lang="en">Botany</Name>
			</Term>
			<Term termID="3.8.1.11">
				<Name xml:lang="en">Business</Name>
			</Term>
			<Term termID="3.8.1.12">
				<Name xml:lang="en">Chemistry</Name>
			</Term>
			<Term termID="3.8.1.13">
				<Name xml:lang="en">Communications</Name>
			</Term>
			<Term termID="3.8.1.14">
				<Name xml:lang="en">Computer Science</Name>
			</Term>
			<Term termID="3.8.1.15">
				<Name xml:lang="en">Constructions</Name>
			</Term>
			<Term termID="3.8.1.16">
				<Name xml:lang="en">Economics</Name>
			</Term>
			<Term termID="3.8.1.17">
				<Name xml:lang="en">Education</Name>
			</Term>
			<Term termID="3.8.1.18">
				<Name xml:lang="en">Environment</Name>
			</Term>
			<Term termID="3.8.1.19">
				<Name xml:lang="en">Engineering</Name>
			</Term>
			<Term termID="3.8.1.20">
				<Name xml:lang="en">Environmental Science</Name>
			</Term>
			<Term termID="3.8.1.21">
				<Name xml:lang="en">Ethnic/Cultural Studies</Name>
			</Term>
			<Term termID="3.8.1.22">
				<Name xml:lang="en">Finance</Name>
			</Term>
			<Term termID="3.8.1.23">
				<Name xml:lang="en">Geography</Name>
			</Term>
			<Term termID="3.8.1.24">
				<Name xml:lang="en">General Science</Name>
			</Term>
			<Term termID="3.8.1.25">
				<Name xml:lang="en">Geology</Name>
			</Term>
			<Term termID="3.8.1.26">
				<Name xml:lang="en">Health</Name>
			</Term>
			<Term termID="3.8.1.27">
				<Name xml:lang="en">History</Name>
			</Term>
			<Term termID="3.8.1.28">
				<Name xml:lang="en">Home Economics</Name>
			</Term>
			<Term termID="3.8.1.29">
				<Name xml:lang="en">Interdisciplinary Studies</Name>
			</Term>
			<Term termID="3.8.1.30">
				<Name xml:lang="en">Language</Name>
			</Term>
			<Term termID="3.8.1.31">
				<Name xml:lang="en">Law</Name>
			</Term>
			<Term termID="3.8.1.32">
				<Name xml:lang="en">Liberal Arts and Science</Name>
			</Term>
			<Term termID="3.8.1.33">
				<Name xml:lang="en">Library Science</Name>
			</Term>
			<Term termID="3.8.1.34">
				<Name xml:lang="en">Literature</Name>
			</Term>
			<Term termID="3.8.1.35">
				<Name xml:lang="en">Manufacturing</Name>
			</Term>
			<Term termID="3.8.1.36">
				<Name xml:lang="en">Marketing</Name>
			</Term>
			<Term termID="3.8.1.37">
				<Name xml:lang="en">Mathematics</Name>
			</Term>
			<Term termID="3.8.1.38">
				<Name xml:lang="en">Mechanics</Name>
			</Term>
			<Term termID="3.8.1.39">
				<Name xml:lang="en">Medicine</Name>
			</Term>
			<Term termID="3.8.1.40">
				<Name xml:lang="en">Military Technologies</Name>
			</Term>
			<Term termID="3.8.1.41">
				<Name xml:lang="en">Music</Name>
			</Term>
			<Term termID="3.8.1.42">
				<Name xml:lang="en">Natural sciences</Name>
			</Term>
			<Term termID="3.8.1.43">
				<Name xml:lang="en">Performing Arts</Name>
			</Term>
			<Term termID="3.8.1.44">
				<Name xml:lang="en">Philosophy</Name>
			</Term>
			<Term termID="3.8.1.45">
				<Name xml:lang="en">Physiology</Name>
			</Term>
			<Term termID="3.8.1.46">
				<Name xml:lang="en">Physical Education</Name>
			</Term>
			<Term termID="3.8.1.47">
				<Name xml:lang="en">Physical Sciences</Name>
			</Term>
			<Term termID="3.8.1.48">
				<Name xml:lang="en">Physics</Name>
			</Term>
			<Term termID="3.8.1.49">
				<Name xml:lang="en">Political Science</Name>
			</Term>
			<Term termID="3.8.1.50">
				<Name xml:lang="en">Psychology</Name>
			</Term>
			<Term termID="3.8.1.51">
				<Name xml:lang="en">Sociology</Name>
			</Term>
			<Term termID="3.8.1.52">
				<Name xml:lang="en">Space/Universe</Name>
			</Term>
			<Term termID="3.8.1.53">
				<Name xml:lang="en">Spiritual</Name>
			</Term>
			<Term termID="3.8.1.54">
				<Name xml:lang="en">Statistics</Name>
			</Term>
			<Term termID="3.8.1.55">
				<Name xml:lang="en">Technology</Name>
			</Term>
			<Term termID="3.8.1.56">
				<Name xml:lang="en">Theology</Name>
			</Term>
			<Term termID="3.8.1.57">
				<Name xml:lang="en">Transportation</Name>
			</Term>
		</Term>
		<Term termID="3.8.2">
			<Name xml:lang="en">Educational levels</Name>
			<Term termID="3.8.2.1">
				<Name xml:lang="en">Very easy</Name>
			</Term>
			<Term termID="3.8.2.2">
				<Name xml:lang="en">Easy</Name>
			</Term>
			<Term termID="3.8.2.3">
				<Name xml:lang="en">Medium</Name>
			</Term>
			<Term termID="3.8.2.4">
				<Name xml:lang="en">Difficult</Name>
			</Term>
			<Term termID="3.8.2.5">
				<Name xml:lang="en">Very difficult</Name>
			</Term>
		</Term>
	</Term>
</ClassificationScheme>
