<?xml version="1.0" encoding="UTF-8"?>
<ClassificationScheme uri="urn:tva:metadata:cs:OriginationCS:2004">
	<!-- ##################################################################### -->
	<!-- ORIGINATION                                                                                  -->
	<!-- Definition: The technical source of the material making up the programme.  -->
	<!-- ##################################################################### -->
	<Term termID="5.1">
		<Name xml:lang="en">Studio</Name>
		<Definition xml:lang="en">Programme produced in a controlled environment by the broadcaster</Definition>
		<Term termID="5.1.1">
			<Name xml:lang="en">Live</Name>
			<Definition xml:lang="en">Transmitted as the event is happening</Definition>
		</Term>
		<Term termID="5.1.2">
			<Name xml:lang="en">As live</Name>
			<Definition xml:lang="en">Recorded and transmitted without editing post the event</Definition>
		</Term>
		<Term termID="5.1.3">
			<Name xml:lang="en">Edited</Name>
			<Definition xml:lang="en">Recorded and edited prior to transmission</Definition>
		</Term>
	</Term>
	<Term termID="5.2">
		<Name xml:lang="en">Made on Location</Name>
		<Definition xml:lang="en">Programme produced in a mainly 'real' environment</Definition>
		<Term termID="5.2.1">
			<Name xml:lang="en">Live</Name>
			<Definition xml:lang="en">Transmitted as the event is happening</Definition>
		</Term>
		<Term termID="5.2.2">
			<Name xml:lang="en">As live</Name>
			<Definition xml:lang="en">Recorded and transmitted without editing post the event</Definition>
		</Term>
		<Term termID="5.2.3">
			<Name xml:lang="en">Edited</Name>
			<Definition xml:lang="en">Recorded and edited prior to transmission</Definition>
		</Term>
	</Term>
	<Term termID="5.3">
		<Name xml:lang="en">Cinema industry originated</Name>
		<Definition xml:lang="en">Productions originally made to be shown in cinemas</Definition>
	</Term>
	<Term termID="5.4">
		<Name xml:lang="en">Made on film (but not originating from the cinema industry)</Name>
	</Term>
	<Term termID="5.5">
		<Name xml:lang="en">Home video</Name>
		<Definition xml:lang="en">Programme primarily consisting of material produced by the consumer</Definition>
	</Term>
	<Term termID="5.6">
		<Name xml:lang="en">Multimedia format (I.e. text/computer, etc.)</Name>
	</Term>
</ClassificationScheme>
