<?xml version="1.0" encoding="UTF-8"?>
<ClassificationScheme uri="urn:tva:metadata:cs:UnitTypeCS:2004">
	<!-- ##################################################################### -->
	<!-- UNITTYPE -->
	<!-- ##################################################################### -->
	<Term termID="day">
		<Name xml:lang="en">Day</Name>
	</Term>
	<Term termID="month">
		<Name xml:lang="en">Month</Name>
	</Term>
	<Term termID="year">
		<Name xml:lang="en">Year</Name>
	</Term>
	<Term termID="plays">
		<Name xml:lang="en">Plays</Name>
	</Term>
</ClassificationScheme>
