<?xml version="1.0" encoding="UTF-8"?>
<!--
      Classification scheme now conforms to the draft guidelines on classification schemes.
-->
<!-- revision information
2020:  add AC-4 (4), DTS (5), MPEG-H 3D (6) according to ETSI TS 101 154 v2.6.1 (2019-09)
2024:  add AVS3 (7) according to ETSI TS 101 154 v2.9.1
-->
<ClassificationScheme xml:lang="en"
                      uri="urn:dvb:metadata:cs:AudioCodecCS:2024"
                      xmlns="urn:dvb:metadata:schema:dvbCSschema:2007"
                      xmlns:xsi="http://www.w3.org/2001/XMLSchema-instance">
	<Term termID="1">
		<Name>MPEG-4 DVB Audio</Name>
		<Term termID="1.1">
			<Name>MPEG-4 Advanced Audio Profile</Name>
			<Term termID="1.1.1">
				<Name>MPEG-4 Advanced Audio Profile @ Level 1</Name>
			</Term>
			<Term termID="1.1.2">
				<Name>MPEG-4 Advanced Audio Profile @ Level 2</Name>
			</Term>
			<Term termID="1.1.3">
				<Name>MPEG-4 Advanced Audio Profile @ Level 4</Name>
			</Term>
			<Term termID="1.1.4">
				<Name>MPEG-4 Advanced Audio Profile @ Level 5</Name>
			</Term>
		</Term>
		<Term termID="1.2">
			<Name>MPEG-4 High Efficiency Advanced Audio Profile</Name>
			<Term termID="1.2.2">
				<Name>MPEG-4 High Efficiency Advanced Audio Profile @ Level 2</Name>
			</Term>
			<Term termID="1.2.3">
				<Name>MPEG-4 High Efficiency Advanced Audio Profile @ Level 3</Name>
			</Term>
			<Term termID="1.2.4">
				<Name>MPEG-4 High Efficiency Advanced Audio Profile @ Level 4</Name>
			</Term>
			<Term termID="1.2.5">
				<Name>MPEG-4 High Efficiency Advanced Audio Profile @ Level 5</Name>
			</Term>
		</Term>
		<Term termID="1.3">
			<Name>MPEG-4 High Efficiency Advanced Audio v2 Profile</Name>
			<Term termID="1.3.2">
				<Name>MPEG-4 High Efficiency Advanced Audio v2 Profile @ Level 2</Name>
			</Term>
			<Term termID="1.3.3">
				<Name>MPEG-4 High Efficiency Advanced Audio v2 Profile @ Level 3</Name>
			</Term>
			<Term termID="1.3.4">
				<Name>MPEG-4 High Efficiency Advanced Audio v2 Profile @ Level 4</Name>
			</Term>
			<Term termID="1.3.5">
				<Name>MPEG-4 High Efficiency Advanced Audio v2 Profile @ Level 5</Name>
			</Term>
		</Term>
	</Term>
	<Term termID="2">
		<Name>AMR DVB</Name>
		<Definition>Advanced Multi Rate</Definition>
		<Term termID="2.1">
			<Name>AMR-WB+ - Extended AMR Wideband codec</Name>
			<Definition>ETSI TS 126 290 Extended AMR Wideband codec</Definition>
		</Term>
	</Term>
	<Term termID="3">
		<Name>AC3</Name>
		<Term termID="3.1">
			<Name>E-AC3</Name>
			<Definition>Dolby Enhanced AC3</Definition>
		</Term>
	</Term>
	<Term termID="4">
		<Name>AC-4</Name>
		<Term termID="4.1">
			<Name>AC-4 CIP</Name>
			<Definition>AC-4 Channel-based, Immersive and Personalized audio as specified in ETSI TS 103 190-2</Definition>
			<Term termID="4.1.1">
				<Name>AC-4 CIP Level 0</Name>
			</Term>
			<Term termID="4.1.2">
				<Name>AC-4 CIP Level 1</Name>
			</Term>
			<Term termID="4.1.3">
				<Name>AC-4 CIP Level 2</Name>
			</Term>
			<Term termID="4.1.4">
				<Name>AC-4 CIP Level 3</Name>
			</Term>
		</Term>
	</Term>
	<Term termID="5">
		<Name>DTS</Name>
		<Term termID="5.1">
			<Name>DTS-HD</Name>
			<Term termID="5.1.1">
				<Name>DTS-HD Core</Name>
				<Definition>DTS Coherent Acoustics Core substream multichannel audio as specified in ETSI TS 102 114</Definition>
			</Term>
			<Term termID="5.1.2">
				<Name>DTS-HD LBR</Name>
				<Definition>DTS LBR Extension substream multichannel audio as specified in ETSI TS 102 114</Definition>
			</Term>
			<Term termID="5.1.3">
				<Name>DTS-HD Core+Extension Substream</Name>
				<Definition>DTS Core substream plus Extension substream as specified in ETSI TS 102 114</Definition>
			</Term>
			<Term termID="5.1.4">
				<Name>DTS-HD Lossless</Name>
				<Definition>DTS-HD Lossless substream only as specified in ETSI TS 102 114</Definition>
			</Term>
		</Term>
		<Term termID="5.2">
			<Name>DTS-UHD</Name>
			<Term termID="5.2.1">
				<Name>DTS-UHD Profile 2</Name>
				<Definition>DTS-UHD Profile 2 Immersive audio as specified in ETSI TS 103 491</Definition>
			</Term>
			<Term termID="5.2.2">
				<Name>DTS-UHD Profile 3</Name>
				<Definition>DTS-UHD Profile 3 Personalized and Immersive audio as specified in ETSI TS 103 491</Definition>
			</Term>
		</Term>
	</Term>
	<Term termID="6">
		<Name>MPEG-H 3D Audio</Name>
		<Term termID="6.1">
			<Name>MPEG-H 3D Audio Low Complexity Profile</Name>
			<Term termID="6.1.1">
				<Name>MPEG-H 3D Audio Low Complexity Profile @ Level 1</Name>
				<Definition>MPEG-H 3D Audio ISO/IEC 23008-3</Definition>
			</Term>
			<Term termID="6.1.2">
				<Name>MPEG-H 3D Audio Low Complexity Profile @ Level 2</Name>
				<Definition>MPEG-H 3D Audio ISO/IEC 23008-3</Definition>
			</Term>
			<Term termID="6.1.3">
				<Name>MPEG-H 3D Audio Low Complexity Profile @ Level 3</Name>
				<Definition>MPEG-H 3D Audio ISO/IEC 23008-3</Definition>
			</Term>
		</Term>
	</Term>
	<Term termID="7">
		<Name>AVS3 Part 3 Audio</Name>
		<Term termID="7.1">
			<Name>AVS3P3 Lossless</Name>
			<Definition>AVS3P3 Lossless bitstream as specified in T/AI 109.3</Definition>
		</Term>
		<Term termID="7.2">
			<Name>AVS3P3 General Full Rate</Name>
			<Definition>AVS3P3 General Full Rate bitstream as specified in T/AI 109.3</Definition>
			<Term id="7.2.1">
				<Name>AVS3P3 Channel-based</Name>
				<Description>AVS3P3 channel based bitstream</Description>
			</Term>
			<Term id="7.2.2">
				<Name> AVS3P3 Object-based </Name>
				<Description>AVS3P3 object based bitstream</Description>
			</Term>
			<Term id="7.2.3">
				<Name> AVS3P3 Channel and Object-based </Name>
				<Description>AVS3P3 Combined channel and object bitstream </Description>
			</Term>
			<Term id="7.2.4">
				<Name>AVS3P3 HOA</Name>
				<Description>AVS3P3 High Order Ambisonic bitstream</Description>
			</Term>
		</Term>
	</Term>
</ClassificationScheme>
