<?xml version="1.0" encoding="UTF-8"?>
<ClassificationScheme uri="urn:dvb:metadata:cs:LinkedApplicationCS:2019" xmlns="urn:tva:mpeg7:2008" xmlns:xsi="http://www.w3.org/2001/XMLSchema-instance" xsi:schemaLocation="urn:tva:mpeg7:2008 tva_mpeg7.xsd" xsi:type="ClassificationSchemeType">
	<!-- ###################################################################### -->
	<!-- LINKEDAPPLICATION                                                      -->
	<!-- Definition: Application links and associated relationships with media  -->
	<!-- ###################################################################### -->
	<Term termID="1">
		<Name xml:lang="en">App for service when available</Name>
		<Definition xml:lang="en">An associated application that is intended to be started during the availability period of a service instance</Definition>
		<Term termID="1.1">
			<Name xml:lang="en">App with media in parallel</Name>
			<Definition xml:lang="en">An associated application to be started in parallel with commencing presentation of any A/V media</Definition>
		</Term>
		<Term termID="1.2">
			<Name xml:lang="en">App controlling media presentation</Name>
			<Definition xml:lang="en">An associated application that controls media presentation or has no media</Definition>
		</Term>
	</Term>
	<Term termID="2">
		<Name xml:lang="en">App for outside availability period</Name>
		<Definition xml:lang="en"> An associated application to be started outside the availability period of a service instance</Definition>
	</Term>
</ClassificationScheme>
