<?xml version="1.0" encoding="UTF-8"?>
<!DOCTYPE catalog PUBLIC "-//OASIS//DTD XML Catalogs V1.1//EN" "http://www.oasis-open.org/committees/entity/release/1.1/catalog.dtd">
<catalog xmlns="urn:oasis:names:tc:entity:xmlns:xml:catalog">
   <group xml:base="ts_10282209v010201p0/">
      <!-- W3C XML Schemas -->
      <uri name="urn:tva:ndr:2007" uri="tva_ndr_9_v121.xsd"/>
      <!-- Classification Schemes -->
      <uri name="urn:tva:ndr:cs:DeliveryProtocolTypeCS:2005" uri="DeliveryProtocolTypeCS.xml"/>
      <uri name="urn:tva:ndr:cs:ControlProtocolTypeCS:2005" uri="ControlProtocolTypeCS.xml"/>
   </group>
   <group xml:base="ts_10282208v010201p0/">
      <!-- W3C XML Schemas -->
      <uri name="urn:tva:CoreData:2007" uri="tva_Core_Data_8_v121.xsd"/>
      <!-- Classification Schemes -->
      <uri name="urn:tva:CoreData:cs:CoreDataActionTypeCS:2005" uri="CoreDataActionTypeCS.xml"/>
   </group>
   <group xml:base="ts_1028220601v010701p0/">
      <!-- W3C XML Schemas -->
      <uri name="urn:tva:transport:2011" uri="tva_transport_6-1_v171.xsd"/>
      <!-- Classification Schemes -->
      <uri name="urn:tva:transport:fieldIDs:2011" uri="tva_transport_6-1_FieldIDList_v171.xml"/>
      <uri name="urn:tva:transport:contextNodeIDs:2011" uri="tva_transport_6-1_ContextNodeIDList_v171.xml"/>
   </group>
   <group xml:base="ts_1028220301v010201p0/">
      <!-- W3C XML Schemas -->
      <uri name="urn:mpeg:mpeg7:schema:2001" uri="mpeg7_tva.xsd"/>
      <uri name="urn:tva:metadata:2004" uri="tva_metadata_v13_am1.xsd"/>
      <!-- Classification Schemes -->
      <uri name="urn:tva:metadata:cs:ContentCS:2004" uri="ContentCS.xml"/>
      <uri name="urn:tva:metadata:cs:IntendedAudienceCS:2004" uri="IntendedAudienceCS.xml"/>
      <uri name="urn:tva:metadata:cs:IntentionCS:2004" uri="IntentionCS.xml"/>
      <uri name="urn:tva:metadata:cs:ContentAlertCS:2004" uri="ContentAlertCS.xml"/>
      <uri name="urn:tva:metadata:cs:OriginationCS:2004" uri="OriginationCS.xml"/>
      <uri name="urn:tva:metadata:cs:TVARoleCS:2004" uri="TVARoleCS.xml"/>
      <uri name="urn:tva:metadata:cs:LanguageCS:2004" uri="LanguageCS.xml"/>
      <uri name="urn:tva:metadata:cs:ActionTypeCS:2004" uri="ActionTypeCS.xml"/>
      <uri name="urn::mpeg:mpeg7:cs:RoleCS:2001" uri="RoleCS.xml"/>
      <uri name="urn:tva:metadata:cs:HowRelatedCS:2004" uri="HowRelatedCS.xml"/>
      <uri name="urn:tva:metadata:cs:FormatCS:2004" uri="FormatCS.xml"/>
      <uri name="urn:tva:metadata:cs:AtmosphereCS:2004" uri="AtmosphereCS.xml"/>
      <uri name="urn:tva:metadata:cs:MediaTypeCS:2004" uri="MediaTypeCS.xml"/>
      <uri name="urn:tva:metadata:cs:UnitTypeCS:2004" uri="UnitTypeCS.xml"/>
      <uri name="urn:tva:metadata:cs:AudioPurposeCS:2004" uri="AudioPurposeCS.xml"/>
      <uri name="urn:tva:metadata:cs:ContentCommercialCS:2004" uri="ContentCommercialCS.xml"/>
      <uri name="urn:tva:metadata:cs:PurchaseTypeCS:2004" uri="PurchaseTypeCS.xml"/>
   </group>
   <group xml:base="ts_1028220301v010301p0/">
      <!-- W3C XML Schemas -->
      <uri name="urn:tva:metadata:2005" uri="tva_metadata_3-1_v131.xsd"/>
      <!-- Classification Schemes -->
      <uri name="urn:tva:metadata:cs:HowRelatedCS:2005" uri="HowRelatedCS.xml"/>
   </group>
   <group xml:base="ts_1028220301v010301p0/3-1_CM_2005-06-26/">
      <!-- W3C XML Schemas -->
      <uri name="urn:tva:mpeg7:2005" uri="tva_mpeg7.xsd"/>
      <!-- Classification Schemes -->
      <uri name="urn:tva:metadata:cs:ContentCS:2005" uri="ContentCS.xml"/>
      <uri name="urn:tva:metadata:cs:IntendedAudienceCS:2005" uri="IntendedAudienceCS.xml"/>
      <uri name="urn:tva:metadata:cs:IntentionCS:2005" uri="IntentionCS.xml"/>
      <uri name="urn:tva:metadata:cs:ContentAlertCS:2005" uri="ContentAlertCS.xml"/>
      <uri name="urn:tva:metadata:cs:OriginationCS:2005" uri="OriginationCS.xml"/>
      <uri name="urn:tva:metadata:cs:TVARoleCS:2005" uri="TVARoleCS.xml"/>
      <uri name="urn:tva:metadata:cs:ActionTypeCS:2004" uri="ActionTypeCS.xml"/>
      <uri name="urn::mpeg:mpeg7:cs:RoleCS:2001" uri="RoleCS.xml"/>
      <uri name="urn:tva:metadata:cs:FormatCS:2005" uri="FormatCS.xml"/>
      <uri name="urn:tva:metadata:cs:AtmosphereCS:2005" uri="AtmosphereCS.xml"/>
      <uri name="urn:tva:metadata:cs:MediaTypeCS:2005" uri="MediaTypeCS.xml"/>
      <uri name="urn:tva:metadata:cs:UnitTypeCS:2004" uri="UnitTypeCS.xml"/>
      <uri name="urn:tva:metadata:cs:AudioPurposeCS:2004" uri="AudioPurposeCS.xml"/>
      <uri name="urn:tva:metadata:cs:ContentCommercialCS:2005-03" uri="ContentCommercialCS.xml"/>
      <uri name="urn:tva:metadata:cs:PurchaseTypeCS:2004" uri="PurchaseTypeCS.xml"/>
   </group>
   <group xml:base="ts_1028220601v010601p0/">
      <!-- W3C XML Schemas -->
      <uri name="urn:tva:transport:2010" uri="tva_transport_6-1_v161.xsd"/>
      <!-- Classification Schemes -->
      <uri name="urn:tva:transport:fieldIDs:2010" uri="tva_transport_6-1_FieldIDList_v161.xml"/>
      <uri name="urn:tva:transport:contextNodeIDs:2010" uri="tva_transport_6-1_ContextNodeIDList_v161.xml"/>
   </group>
   <group xml:base="ts_10282208v010301p0/">
      <!-- W3C XML Schemas -->
      <uri name="urn:tva:CoreData:2008" uri="tva_Core_Data_8_v131.xsd"/>
      <!-- Classification Schemes -->
      <uri name="urn:tva:CoreData:cs:CoreDataActionTypeCS:2005" uri="CoreDataActionTypeCS.xml"/>
   </group>
   <group xml:base="ts_10282209v010301p0/">
      <!-- W3C XML Schemas -->
      <uri name="urn:tva:ndr:2008" uri="tva_ndr_9_v131.xsd"/>
      <!-- Classification Schemes -->
      <uri name="urn:tva:ndr:cs:DeliveryProtocolTypeCS:2005" uri="DeliveryProtocolTypeCS.xml"/>
      <uri name="urn:tva:ndr:cs:ControlProtocolTypeCS:2005" uri="ControlProtocolTypeCS.xml"/>
   </group>
   <group xml:base="ts_1028220601v010401p0/">
      <!-- W3C XML Schemas -->
      <uri name="urn:tva:transport:2007" uri="tva_transport_6-1_v141.xsd"/>
      <!-- Classification Schemes -->
      <uri name="urn:tva:transport:contextNodeIDs:2007" uri="tva_transport_6-1_ContextNodeIDList_v141.xml"/>
      <uri name="urn:tva:transport:fieldIDs:2007" uri="tva_transport_6-1_FieldIDList_v141.xml"/>
   </group>
   <group xml:base="ts_1028220301v010101p0/">
      <!-- W3C XML Schemas -->
      <uri name="urn:mpeg:mpeg7:schema:2001" uri="mpeg7_tva.xsd"/>
      <uri name="urn:tva:metadata:2002" uri="tva_metadata_v13.xsd"/>
      <!-- Classification Schemes -->
      <uri name="urn:tva:metadata:cs:ContentCS:2002" uri="ContentCS.xml"/>
      <uri name="urn:tva:metadata:cs:IntendedAudienceCS:2002" uri="IntendedAudienceCS.xml"/>
      <uri name="urn:tva:metadata:cs:IntentionCS:2002" uri="IntentionCS.xml"/>
      <uri name="urn:tva:metadata:cs:ContentAlertCS:2002" uri="ContentAlertCS.xml"/>
      <uri name="urn:tva:metadata:cs:OriginationCS:2002" uri="OriginationCS.xml"/>
      <uri name="urn:tva:metadata:cs:TVARoleCS:2002" uri="TVARoleCS.xml"/>
      <uri name="urn:tva:metadata:cs:LanguageCS:2002" uri="LanguageCS.xml"/>
      <uri name="urn:tva:metadata:cs:ActionTypeCS:2002" uri="ActionTypeCS.xml"/>
      <uri name="urn::mpeg:mpeg7:cs:RoleCS:2001" uri="RoleCS.xml"/>
      <uri name="urn:tva:metadata:cs:HowRelatedCS:2002" uri="HowRelatedCS.xml"/>
      <uri name="urn:tva:metadata:cs:FormatCS:2002" uri="FormatCS.xml"/>
      <uri name="urn:tva:metadata:cs:AtmosphereCS:2002" uri="AtmosphereCS.xml"/>
      <uri name="urn:tva:metadata:cs:MediaType:2002" uri="MediaTypeCS.xml"/>
      <uri name="urn:tva:metadata:cs:ContentCommercialCS:2002" uri="ContentCommercialCS.xml"/>
   </group>
   <group xml:base="ts_1028220601v010501p0/">
      <!-- W3C XML Schemas -->
      <uri name="urn:tva:transport:2008" uri="tva_transport_6-1_v151.xsd"/>
      <!-- Classification Schemes -->
      <uri name="urn:tva:transport:contextNodeIDs:2008" uri="tva_transport_6-1_ContextNodeIDList_v151.xml"/>
      <uri name="urn:tva:transport:fieldIDs:2008" uri="tva_transport_6-1_FieldIDList_v151.xml"/>
   </group>
   <group xml:base="ts_10282208v010401p0/">
      <!-- W3C XML Schemas -->
      <uri name="urn:tva:CoreData:2010" uri="tva_Core_Data_8_v141.xsd"/>
      <!-- Classification Schemes -->
      <uri name="urn:tva:CoreData:cs:CoreDataActionTypeCS:2005" uri="CoreDataActionTypeCS.xml"/>
   </group>
   <group xml:base="ts_10282209v010401p0/">
      <!-- W3C XML Schemas -->
      <uri name="urn:tva:ndr:2010" uri="tva_ndr_9_v141.xsd"/>
      <!-- Classification Schemes -->
      <uri name="urn:tva:ndr:cs:DeliveryProtocolTypeCS:2005" uri="DeliveryProtocolTypeCS.xml"/>
      <uri name="urn:tva:ndr:cs:ControlProtocolTypeCS:2005" uri="ControlProtocolTypeCS.xml"/>
   </group>
   <group xml:base="ts_1028220301v010401p0/">
      <!-- W3C XML Schemas -->
      <uri name="urn:tva:metadata:2007" uri="tva_metadata_3-1_v141.xsd"/>
      <uri name="urn:tva:mpeg7:2005" uri="tva_mpeg7.xsd"/>
      <!-- Classification Schemes -->
      <uri name="urn:tva:metadata:cs:CaptionCodingFormatCS:2007" uri="CaptionCodingFormatCS.xml"/>
      <uri name="urn:tva:metadata:cs:ContentCS:2007" uri="ContentCS.xml"/>
      <uri name="urn:tva:metadata:cs:IntendedAudienceCS:2005" uri="IntendedAudienceCS.xml"/>
      <uri name="urn:tva:metadata:cs:IntentionCS:2005" uri="IntentionCS.xml"/>
      <uri name="urn:tva:metadata:cs:ContentAlertCS:2005" uri="ContentAlertCS.xml"/>
      <uri name="urn:tva:metadata:cs:OriginationCS:2005" uri="OriginationCS.xml"/>
      <uri name="urn:tva:metadata:cs:TVARoleCS:2005" uri="TVARoleCS.xml"/>
      <uri name="urn:tva:metadata:cs:DerivationReasonCS:2007" uri="DerivationreasonCS.xml"/>
      <uri name="urn:tva:metadata:cs:ActionTypeCS:2004" uri="ActionTypeCS.xml"/>
      <uri name="urn::mpeg:mpeg7:cs:RoleCS:2001" uri="RoleCS.xml"/>
      <uri name="urn:tva:metadata:cs:HowRelatedCS:2007" uri="HowRelatedCS.xml"/>
      <uri name="urn:tva:metadata:cs:FormatCS:2007" uri="FormatCS.xml"/>
      <uri name="urn:tva:metadata:cs:AtmosphereCS:2005" uri="AtmosphereCS.xml"/>
      <uri name="urn:tva:metadata:cs:MediaTypeCS:2005" uri="MediaTypeCS.xml"/>
      <uri name="urn:tva:metadata:cs:UnitTypeCS:2007" uri="UnitTypeCS.xml"/>
      <uri name="urn:tva:metadata:cs:AudioPurposeCS:2007" uri="AudioPurposeCS.xml"/>
      <uri name="urn:tva:metadata:cs:ContentCommercialCS:2005-03" uri="ContentCommercialCS.xml"/>
      <uri name="urn:tva:metadata:cs:PurchaseTypeCS:2004" uri="PurchaseTypeCS.xml"/>
   </group>
   <group xml:base="ts_1028220301v010501p0/">
      <!-- W3C XML Schemas -->
      <uri name="urn:tva:mpeg7:2008" uri="tva_mpeg7_2008.xsd"/>
      <uri name="urn:tva:metadata:2008" uri="tva_metadata_3-1_v151.xsd"/>
      <!-- Classification Schemes -->
      <uri name="urn:tva:metadata:cs:CaptionCodingFormatCS:2007" uri="CaptionCodingFormatCS.xml"/>
      <uri name="urn:tva:metadata:cs:ContentCS:2007" uri="ContentCS.xml"/>
      <uri name="urn:tva:metadata:cs:IntendedAudienceCS:2005" uri="IntendedAudienceCS.xml"/>
      <uri name="urn:tva:metadata:cs:IntentionCS:2005" uri="IntentionCS.xml"/>
      <uri name="urn:tva:metadata:cs:ContentAlertCS:2005" uri="ContentAlertCS.xml"/>
      <uri name="urn:tva:metadata:cs:OriginationCS:2005" uri="OriginationCS.xml"/>
      <uri name="urn:tva:metadata:cs:TVARoleCS:2008" uri="TVARoleCS.xml"/>
      <uri name="urn:tva:metadata:cs:DerivationReasonCS:2007" uri="DerivationreasonCS.xml"/>
      <uri name="urn:tva:metadata:cs:ActionTypeCS:2004" uri="ActionTypeCS.xml"/>
      <uri name="urn::mpeg:mpeg7:cs:RoleCS:2001" uri="RoleCS.xml"/>
      <uri name="urn:tva:metadata:cs:HowRelatedCS:2007" uri="HowRelatedCS.xml"/>
      <uri name="urn:tva:metadata:cs:FormatCS:2007" uri="FormatCS.xml"/>
      <uri name="urn:tva:metadata:cs:AtmosphereCS:2005" uri="AtmosphereCS.xml"/>
      <uri name="urn:tva:metadata:cs:MediaTypeCS:2005" uri="MediaTypeCS.xml"/>
      <uri name="urn:tva:metadata:cs:UnitTypeCS:2007" uri="UnitTypeCS.xml"/>
      <uri name="urn:tva:metadata:cs:AudioPurposeCS:2007" uri="AudioPurposeCS.xml"/>
      <uri name="urn:tva:metadata:cs:ContentCommercialCS:2005-03" uri="ContentCommercialCS.xml"/>
      <uri name="urn:tva:metadata:cs:PurchaseTypeCS:2004" uri="PurchaseTypeCS.xml"/>
   </group>
   <group xml:base="ts_10282209v010501p0/">
      <!-- W3C XML Schemas -->
      <uri name="urn:tva:ndr:2011" uri="tva_ndr_9_v151.xsd"/>
      <!-- Classification Schemes -->
      <uri name="urn:tva:ndr:cs:DeliveryProtocolTypeCS:2005" uri="DeliveryProtocolTypeCS.xml"/>
      <uri name="urn:tva:ndr:cs:ControlProtocolTypeCS:2005" uri="ControlProtocolTypeCS.xml"/>
   </group>
   <group xml:base="ts_10282208v010501p0/">
      <!-- W3C XML Schemas -->
      <uri name="urn:tva:CoreData:2011" uri="tva_Core_Data_8_v151.xsd"/>
      <!-- Classification Schemes -->
      <uri name="urn:tva:CoreData:cs:CoreDataActionTypeCS:2005" uri="CoreDataActionTypeCS.xml"/>
   </group>
   <group xml:base="ts_1028220301v010701p0/">
      <!-- W3C XML Schemas -->
      <uri name="urn:tva:mpeg7:2008" uri="tva_mpeg7_2008.xsd"/>
      <uri name="urn:tva:metadata:2011" uri="tva_metadata_3-1_v171.xsd"/>
      <!-- Classification Schemes -->
      <uri name="urn:tva:metadata:cs:CaptionCodingFormatCS:2010" uri="CaptionCodingFormatCS.xml"/>
      <uri name="urn:tva:metadata:cs:ContentCS:2011" uri="ContentCS.xml"/>
      <uri name="urn:tva:metadata:cs:IntendedAudienceCS:2011" uri="IntendedAudienceCS.xml"/>
      <uri name="urn:tva:metadata:cs:PictureFormatCS:2011" uri="PictureFormatCS.xml"/>
      <uri name="urn:tva:metadata:cs:IntentionCS:2005" uri="IntentionCS.xml"/>
      <uri name="urn:tva:metadata:cs:ContentAlertCS:2005" uri="ContentAlertCS.xml"/>
      <uri name="urn:tva:metadata:cs:OriginationCS:2011" uri="OriginationCS.xml"/>
      <uri name="urn:tva:metadata:cs:TVARoleCS:2011" uri="TVARoleCS.xml"/>
      <uri name="urn:tva:metadata:cs:DerivationReasonCS:2007" uri="DerivationReasonCS.xml"/>
      <uri name="urn:tva:metadata:cs:ActionTypeCS:2010" uri="ActionTypeCS.xml"/>
      <uri name="urn:mpeg:mpeg7:cs:RoleCS:2011" uri="RoleCS.xml"/>
      <uri name="urn:tva:metadata:cs:HowRelatedCS:2011" uri="HowRelatedCS.xml"/>
      <uri name="urn:tva:metadata:cs:FormatCS:2011" uri="FormatCS.xml"/>
      <uri name="urn:tva:metadata:cs:AtmosphereCS:2005" uri="AtmosphereCS.xml"/>
      <uri name="urn:tva:metadata:cs:MediaTypeCS:2010" uri="MediaTypeCS.xml"/>
      <uri name="urn:tva:metadata:cs:UnitTypeCS:2007" uri="UnitTypeCS.xml"/>
      <uri name="urn:tva:metadata:cs:AudioPurposeCS:2007" uri="AudioPurposeCS.xml"/>
      <uri name="urn:tva:metadata:cs:ContentCommercialCS:2005-03" uri="ContentCommercialCS.xml"/>
      <uri name="urn:tva:metadata:cs:PurchaseTypeCS:2004" uri="PurchaseTypeCS.xml"/>
   </group>
   <group xml:base="ts_1028220301v010601p0/">
      <!-- W3C XML Schemas -->
      <uri name="urn:tva:mpeg7:2008" uri="tva_mpeg7_2008.xsd"/>
      <uri name="urn:tva:metadata:2010" uri="tva_metadata_3-1_v161.xsd"/>
      <!-- Classification Schemes -->
      <uri name="urn:tva:metadata:cs:CaptionCodingFormatCS:2007" uri="CaptionCodingFormatCS.xml"/>
      <uri name="urn:tva:metadata:cs:ContentCS:2010" uri="ContentCS.xml"/>
      <uri name="urn:tva:metadata:cs:IntendedAudienceCS:2010" uri="IntendedAudienceCS.xml"/>
      <uri name="urn:tva:metadata:cs:IntentionCS:2005" uri="IntentionCS.xml"/>
      <uri name="urn:tva:metadata:cs:ContentAlertCS:2005" uri="ContentAlertCS.xml"/>
      <uri name="urn:tva:metadata:cs:OriginationCS:2005" uri="OriginationCS.xml"/>
      <uri name="urn:tva:metadata:cs:TVARoleCS:2010" uri="TVARoleCS.xml"/>
      <uri name="urn:tva:metadata:cs:DerivationReasonCS:2007" uri="DerivationreasonCS.xml"/>
      <uri name="urn:tva:metadata:cs:ActionTypeCS:2010" uri="ActionTypeCS.xml"/>
      <uri name="urn::mpeg:mpeg7:cs:RoleCS:2010" uri="RoleCS.xml"/>
      <uri name="urn:tva:metadata:cs:HowRelatedCS:2010" uri="HowRelatedCS.xml"/>
      <uri name="urn:tva:metadata:cs:FormatCS:2010" uri="FormatCS.xml"/>
      <uri name="urn:tva:metadata:cs:AtmosphereCS:2005" uri="AtmosphereCS.xml"/>
      <uri name="urn:tva:metadata:cs:MediaTypeCS:2010" uri="MediaTypeCS.xml"/>
      <uri name="urn:tva:metadata:cs:UnitTypeCS:2007" uri="UnitTypeCS.xml"/>
      <uri name="urn:tva:metadata:cs:AudioPurposeCS:2007" uri="AudioPurposeCS.xml"/>
      <uri name="urn:tva:metadata:cs:ContentCommercialCS:2005-03" uri="ContentCommercialCS.xml"/>
      <uri name="urn:tva:metadata:cs:PurchaseTypeCS:2004" uri="PurchaseTypeCS.xml"/>
   </group>
   <group xml:base="ts_10282208v010601p0/">
      <!-- W3C XML Schemas -->
      <uri name="urn:tva:CoreData:2012" uri="tva_Core_Data_8_v161.xsd"/>
      <!-- Classification Schemes -->
      <uri name="urn:tva:CoreData:cs:CoreDataActionTypeCS:2005" uri="CoreDataActionTypeCS.xml"/>
   </group>
   <group xml:base="ts_10282209v010601p0/">
      <!-- W3C XML Schemas -->
      <uri name="urn:tva:ndr:2012" uri="tva_ndr_9_v161.xsd"/>
      <!-- Classification Schemes -->
      <uri name="urn:tva:ndr:cs:DeliveryProtocolTypeCS:2005" uri="DeliveryProtocolTypeCS.xml"/>
      <uri name="urn:tva:ndr:cs:ControlProtocolTypeCS:2005" uri="ControlProtocolTypeCS.xml"/>
   </group>
   <group xml:base="ts_10282204v010701p0/">
      <!-- W3C XML Schemas -->
      <uri name="urn:tva:ContentReferencing:2012" uri="tva_content_referencing_4_v171.xsd"/>
      <uri name="urn:tva:ResolvingAuthority:2008" uri="tva_resolving_authority_4_v141.xsd"/>
   </group>
   <group xml:base="ts_10282204v010601p0/">
      <!-- W3C XML Schemas -->
      <uri name="urn:tva:ContentReferencing:2011" uri="tva_content_referencing_4_v161.xsd"/>
      <uri name="urn:tva:ResolvingAuthority:2008" uri="tva_resolving_authority_4_v141.xsd"/>
   </group>
   <group xml:base="ts_10282204v010401p0/">
      <!-- W3C XML Schemas -->
      <uri name="urn:tva:ResolvingAuthority:2008" uri="tva_resolving_authority_4_v141.xsd"/>
      <uri name="urn:tva:ContentReferencing:2008" uri="tva_content_referencing_4_v141.xsd"/>
   </group>
   <group xml:base="ts_10282204v010501p0/">
      <!-- W3C XML Schemas -->
      <uri name="urn:tva:ResolvingAuthority:2008" uri="tva_resolving_authority_4_v141.xsd"/>
      <uri name="urn:tva:ContentReferencing:2010" uri="tva_content_referencing_4_v151.xsd"/>
   </group>
   <group xml:base="ts_10282204v010301p0/">
      <!-- W3C XML Schemas -->
      <uri name="urn:tva:ResolvingAuthority:2007" uri="tva_resolving_authority_4_v131.xsd"/>
      <uri name="urn:tva:ContentReferencing:2007" uri="tva_content_referencing_4_v131.xsd"/>
   </group>
   <group xml:base="ts_1028220603v010201p0/">
      <!-- W3C XML Schemas -->
      <uri name="urn:tva:profile:2007" uri="tva_profile_exchange_6-3_v121.xsd"/>
   </group>
   <group xml:base="ts_1028220303v010601p0/">
      <!-- W3C XML Schemas -->
      <uri name="urn:tva:metadata:extended:2012" uri="tva2_metadata_3-3_v161.xsd"/>
      <uri name="urn:tva:mpeg21:2012" uri="tva_mpeg21_2012.xsd"/>
      <!-- Classification Schemes -->
      <uri name="urn:tva:metadata:extended:cs:OtherSystemSoftwareCS:2005" uri="OtherSystemSoftwareCS.xml"/>
      <uri name="urn:tva:metadata:extended:cs:ContentTypeCS:2005" uri="ContentTypeCS.xml"/>
      <uri name="urn:tva:metadata:extended:cs:TemporalRelationCS:2005" uri="TemporalrelationCS.xml"/>
      <uri name="urn:tva:metadata:extended:cs:SpatialRelationCS:2005" uri="SpatialRelationCS.xml"/>
      <uri name="urn:tva:metadata:extended:cs:PlaceTypeCS:2011" uri="PlaceTypeCS.xml"/>
      <uri name="urn:tva:metadata:extended:cs:TerminalTypeCS:2011" uri="TerminalTypeCS.xml"/>
      <uri name="urn:tva:metadata:extended:cs:OperatingSystemCS:2007" uri="OperatingSystemCS.xml"/>
      <uri name="urn:tva:metadata:extended:cs:FamilyMemberCS:2005" uri="FamilyMemberCS.xml"/>
      <uri name="urn:tva:metadata:extended:cs:GamePerspectivesCS:2011" uri="GamePerspectivesCS.xml"/>
      <uri name="urn:tva:metadata:extended:cs:MiddlewareServiceCS:2011" uri="MiddlewareServiceCS.xml"/>
      <uri name="urn:tva:metadata:extended:cs:IntendedEducationalUserCS:2011" uri="IntendedEducationalUserCS.xml"/>
      <uri name="urn:tva:metadata:extended:cs:EducationalUseCS:2005" uri="EducationalUseCS.xml"/>
      <uri name="urn:tva:metadata:cs:ChecksumAlgorithmCS:2008" uri="ChecksumAlgorithmCS.xml"/>
      <uri name="urn:tva:metadata:extended:cs:VirtualMachineCS:2005" uri="VirtualMachineCS.xml"/>
      <uri name="urn:tva:metadata:extended:cs:AccessibilityCS:2005" uri="AccessibilityCS.xml"/>
      <uri name="urn:tva:metadata:extended:cs:WeatherTypeCS:2011" uri="WeatherTypeCS.xml"/>
      <uri name="urn:tva:metadata:extended:cs:CPUTypeCS:2005" uri="CPUTypeCS.xml"/>
   </group>
   <group xml:base="ts_1028220603v010301p0/">
      <!-- W3C XML Schemas -->
      <uri name="urn:tva:profile:2008" uri="tva_profile_exchange_6-3_v131.xsd"/>
   </group>
   <group xml:base="ts_1028220301v010902p0/">
      <!-- W3C XML Schemas -->
      <uri name="urn:tva:metadata:2015" uri="tva_metadata_3-1.xsd"/>
      <uri name="urn:tva:ndr:2015" uri="tva_ndr_9.xsd"/>
      <uri name="urn:tva:ContentReferencing:2015" uri="tva_content_referencing_4.xsd"/>
      <uri name="urn:tva:CoreData:2015" uri="tva_Core_Data_8.xsd"/>
      <uri name="urn:tva:rmpi:2015" uri="tva_rmpi_5-1.xsd"/>
      <uri name="urn:tva:profile:2015" uri="tva_profile_exchange_6-3.xsd"/>
      <uri name="urn:tva:ResolvingAuthority:2008" uri="tva_resolving_authority_4.xsd"/>
      <uri name="urn:tva:metadata:interstitial:2015" uri="tva_interstitial_3-4.xsd"/>
      <uri name="urn:tva:mpeg7:2008" uri="tva_mpeg7.xsd"/>
      <uri name="urn:tva:metadata:extended:2015" uri="tva2_metadata_3-3.xsd"/>
      <uri name="urn:tva:mpeg21:2015" uri="tva_mpeg21.xsd"/>
      <uri name="urn:tva:transport:2015" uri="tva_transport_6-1.xsd"/>
      <!-- Classification Schemes -->
      <uri name="urn:tva:metadata:cs:CaptionCodingFormatCS:2015" uri="CaptionCodingFormatCS.xml"/>
      <uri name="urn:tva:ndr:cs:DeliveryProtocolTypeCS:2005" uri="DeliveryProtocolTypeCS.xml"/>
      <uri name="urn:tva:metadata:extended:cs:OtherSystemSoftwareCS:2005" uri="OtherSystemSoftwareCS.xml"/>
      <uri name="urn:tva:metadata:cs:ContentCS:2011" uri="ContentCS.xml"/>
      <uri name="urn:tva:metadata:cs:SocialMediaReferenceCS:2015" uri="SocialMediaReferenceCS.xml"/>
      <uri name="urn:tva:metadata:extended:cs:ContentTypeCS:2005" uri="ContentTypeCS.xml"/>
      <uri name="urn:tva:metadata:extended:cs:TemporalRelationCS:2005" uri="TemporalrelationCS.xml"/>
      <uri name="urn:tva:metadata:cs:IntendedAudienceCS:2011" uri="IntendedAudienceCS.xml"/>
      <uri name="urn:tva:metadata:extended:cs:SpatialRelationCS:2005" uri="SpatialRelationCS.xml"/>
      <uri name="urn:tva:metadata:extended:cs:PlaceTypeCS:2011" uri="PlaceTypeCS.xml"/>
      <uri name="urn:tva:metadata:extended:cs:TerminalTypeCS:2011" uri="TerminalTypeCS.xml"/>
      <uri name="urn:tva:metadata:extended:cs:OperatingSystemCS:2007" uri="OperatingSystemCS.xml"/>
      <uri name="urn:tva:metadata:cs:PictureFormatCS:2015" uri="PictureFormatCS.xml"/>
      <uri name="urn:tva:metadata:extended:cs:FamilyMemberCS:2005" uri="FamilyMemberCS.xml"/>
      <uri name="urn:tva:transport:contextNodeIDs:2012" uri="tva_transport_6-1_ContextNodeIDList.xml"/>
      <uri name="urn:tva:metadata:cs:IntentionCS:2005" uri="IntentionCS.xml"/>
      <uri name="urn:tva:metadata:extended:cs:GamePerspectivesCS:2011" uri="GamePerspectivesCS.xml"/>
      <uri name="urn:tva:metadata:cs:ContentAlertCS:2005" uri="ContentAlertCS.xml"/>
      <uri name="urn:tva:ndr:cs:ControlProtocolTypeCS:2005" uri="ControlProtocolTypeCS.xml"/>
      <uri name="urn:tva:metadata:cs:OriginationCS:2011" uri="OriginationCS.xml"/>
      <uri name="urn:tva:metadata:extended:cs:MiddlewareServiceCS:2011" uri="MiddlewareServiceCS.xml"/>
      <uri name="urn:tva:metadata:cs:TVARoleCS:2011" uri="TVARoleCS.xml"/>
      <uri name="urn:tva:metadata:extended:cs:IntendedEducationalUserCS:2011" uri="IntendedEducationalUserCS.xml"/>
      <uri name="urn:tva:rmpi:cs:CipherCS:2005" uri="CipherCS.xml"/>
      <uri name="urn:tva:metadata:cs:DerivationReasonCS:2007" uri="DerivationReasonCS.xml"/>
      <uri name="urn:tva:metadata:cs:ActionTypeCS:2010" uri="ActionTypeCS.xml"/>
      <uri name="urn:tva:metadata:extended:cs:EducationalUseCS:2005" uri="EducationalUseCS.xml"/>
      <uri name="urn:mpeg:mpeg7:cs:RoleCS:2011" uri="RoleCS.xml"/>
      <uri name="urn:tva:metadata:cs:HowRelatedCS:2012" uri="HowRelatedCS.xml"/>
      <uri name="urn:tva:metadata:cs:FormatCS:2011" uri="FormatCS.xml"/>
      <uri name="urn:tva:metadata:cs:ChecksumAlgorithmCS:2008" uri="ChecksumAlgorithmCS.xml"/>
      <uri name="urn:tva:metadata:cs:AtmosphereCS:2005" uri="AtmosphereCS.xml"/>
      <uri name="urn:tva:metadata:cs:MediaTypeCS:2010" uri="MediaTypeCS.xml"/>
      <uri name="urn:tva:metadata:extended:cs:VirtualMachineCS:2005" uri="VirtualMachineCS.xml"/>
      <uri name="urn:tva:metadata:extended:cs:AccessibilityCS:2005" uri="AccessibilityCS.xml"/>
      <uri name="urn:tva:metadata:extended:cs:WeatherTypeCS:2011" uri="WeatherTypeCS.xml"/>
      <uri name="urn:tva:metadata:cs:UnitTypeCS:2007" uri="UnitTypeCS.xml"/>
      <uri name="urn:tva:CoreData:cs:CoreDataActionTypeCS:2005" uri="CoreDataActionTypeCS.xml"/>
      <uri name="urn:tva:metadata:cs:AudioPurposeCS:2007" uri="AudioPurposeCS.xml"/>
      <uri name="urn:tva:metadata:extended:cs:CPUTypeCS:2005" uri="CPUTypeCS.xml"/>
      <uri name="urn:tva:transport:fieldIDs:2012" uri="tva_transport_6-1_FieldIDList.xml"/>
      <uri name="urn:tva:metadata:cs:ContentCommercialCS:2005-03" uri="ContentCommercialCS.xml"/>
      <uri name="urn:tva:metadata:cs:PurchaseTypeCS:2004" uri="PurchaseTypeCS.xml"/>
   </group>
   <group xml:base="ts_1028220603v010101p0/">
      <!-- W3C XML Schemas -->
      <uri name="urn:tva:profile:2005" uri="tva_profile_exchange_6-3_v111.xsd"/>
   </group>
   <group xml:base="ts_1028220303v010401p0/">
      <!-- W3C XML Schemas -->
      <uri name="urn:tva:metadata:extended:2010" uri="tva2_metadata_3-3_v141.xsd"/>
      <uri name="urn:tva:mpeg21:2010" uri="tva_mpeg21.xsd"/>
      <!-- Classification Schemes -->
      <uri name="urn:tva:metadata:extended:cs:OtherSystemSoftwareCS:2005" uri="OtherSystemSoftwareCS.xml"/>
      <uri name="urn:tva:metadata:extended:cs:ContentTypeCS:2005" uri="ContentTypeCS.xml"/>
      <uri name="urn:tva:metadata:extended:cs:TemporalRelationCS:2005" uri="TemporalrelationCS.xml"/>
      <uri name="urn:tva:metadata:extended:cs:SpatialRelationCS:2005" uri="SpatialRelationCS.xml"/>
      <uri name="urn:tva:metadata:extended:cs:PlaceTypeCS:2005" uri="PlaceTypeCS.xml"/>
      <uri name="urn:tva:metadata:extended:cs:TerminalTypeCS:2005" uri="TerminalTypeCS.xml"/>
      <uri name="urn:tva:metadata:extended:cs:OperatingSystemCS:2007" uri="OperatingSystemCS.xml"/>
      <uri name="urn:tva:metadata:extended:cs:FamilyMemberCS:2005" uri="FamilyMemberCS.xml"/>
      <uri name="urn:tva:metadata:extended:cs:GamePerspectivesCS:2005" uri="GamePerspectivesCS.xml"/>
      <uri name="urn:tva:metadata:extended:cs:MiddlewareServiceCS:2005" uri="MiddlewareServiceCS.xml"/>
      <uri name="urn:tva:metadata:extended:cs:IntendedEducationalUserCS:2005" uri="IntendedEducationalUserCS.xml"/>
      <uri name="urn:tva:metadata:extended:cs:EducationalUseCS:2005" uri="EducationalUseCS.xml"/>
      <uri name="urn:tva:metadata:cs:ChecksumAlgorithmCS:2008" uri="ChecksumAlgorithmCS.xml"/>
      <uri name="urn:tva:metadata:extended:cs:VirtualMachineCS:2005" uri="VirtualMachineCS.xml"/>
      <uri name="urn:tva:metadata:extended:cs:AccessibilityCS:2005" uri="AccessibilityCS.xml"/>
      <uri name="urn:tva:metadata:extended:cs:WeatherTypeCS:2005" uri="WeatherTypeCS.xml"/>
      <uri name="urn:tva:metadata:extended:cs:CPUTypeCS:2005" uri="CPUTypeCS.xml"/>
   </group>
   <group xml:base="ts_1028220303v010501p0/">
      <!-- W3C XML Schemas -->
      <uri name="urn:tva:metadata:extended:2011" uri="tva2_metadata_3-3_v151.xsd"/>
      <uri name="urn:tva:mpeg21:2011" uri="tva_mpeg21_2011.xsd"/>
      <!-- Classification Schemes -->
      <uri name="urn:tva:metadata:extended:cs:OtherSystemSoftwareCS:2005" uri="OtherSystemSoftwareCS.xml"/>
      <uri name="urn:tva:metadata:extended:cs:ContentTypeCS:2005" uri="ContentTypeCS.xml"/>
      <uri name="urn:tva:metadata:extended:cs:TemporalRelationCS:2005" uri="TemporalrelationCS.xml"/>
      <uri name="urn:tva:metadata:extended:cs:SpatialRelationCS:2005" uri="SpatialRelationCS.xml"/>
      <uri name="urn:tva:metadata:extended:cs:PlaceTypeCS:2011" uri="PlaceTypeCS.xml"/>
      <uri name="urn:tva:metadata:extended:cs:TerminalTypeCS:2011" uri="TerminalTypeCS.xml"/>
      <uri name="urn:tva:metadata:extended:cs:OperatingSystemCS:2007" uri="OperatingSystemCS.xml"/>
      <uri name="urn:tva:metadata:extended:cs:FamilyMemberCS:2005" uri="FamilyMemberCS.xml"/>
      <uri name="urn:tva:metadata:extended:cs:GamePerspectivesCS:2011" uri="GamePerspectivesCS.xml"/>
      <uri name="urn:tva:metadata:extended:cs:MiddlewareServiceCS:2011" uri="MiddlewareServiceCS.xml"/>
      <uri name="urn:tva:metadata:extended:cs:IntendedEducationalUserCS:2011" uri="IntendedEducationalUserCS.xml"/>
      <uri name="urn:tva:metadata:extended:cs:EducationalUseCS:2005" uri="EducationalUseCS.xml"/>
      <uri name="urn:tva:metadata:cs:ChecksumAlgorithmCS:2008" uri="ChecksumAlgorithmCS.xml"/>
      <uri name="urn:tva:metadata:extended:cs:VirtualMachineCS:2005" uri="VirtualMachineCS.xml"/>
      <uri name="urn:tva:metadata:extended:cs:AccessibilityCS:2005" uri="AccessibilityCS.xml"/>
      <uri name="urn:tva:metadata:extended:cs:WeatherTypeCS:2011" uri="WeatherTypeCS.xml"/>
      <uri name="urn:tva:metadata:extended:cs:CPUTypeCS:2005" uri="CPUTypeCS.xml"/>
   </group>
   <group xml:base="ts_1028220603v010401p0/">
      <!-- W3C XML Schemas -->
      <uri name="urn:tva:profile:2010" uri="tva_profile_exchange_6-3_v141.xsd"/>
   </group>
   <group xml:base="ts_1028220303v010101p0/">
      <!-- W3C XML Schemas -->
      <uri name="urn:tva:metadata:extended:2005" uri="tva2_metadata_3-3_v111.xsd"/>
      <!-- Classification Schemes -->
      <uri name="urn:tva:metadata:extended:cs:OtherSystemSoftwareCS:2005" uri="OtherSystemSoftwareCS.xml"/>
      <uri name="urn:tva:metadata:extended:cs:ContentTypeCS:2005" uri="ContentTypeCS.xml"/>
      <uri name="urn:tva:metadata:extended:cs:TemporalRelationCS:2005" uri="TemporalrelationCS.xml"/>
      <uri name="urn:tva:metadata:extended:cs:SpatialRelationCS:2005" uri="SpatialRelationCS.xml"/>
      <uri name="urn:tva:metadata:extended:cs:PlaceTypeCS:2005" uri="PlaceTypeCS.xml"/>
      <uri name="urn:tva:metadata:extended:cs:TerminalTypeCS:2005" uri="TerminalTypeCS.xml"/>
      <uri name="urn:tva:metadata:extended:cs:OperatingSystemCS:2005" uri="OperatingSystemCS.xml"/>
      <uri name="urn:tva:metadata:extended:cs:FamilyMemberCS:2005" uri="FamilyMemberCS.xml"/>
      <uri name="urn:tva:metadata:extended:cs:GamePerspectivesCS:2005" uri="GamePerspectivesCS.xml"/>
      <uri name="urn:tva:metadata:extended:cs:MiddlewareServiceCS:2005" uri="MiddlewareServiceCS.xml"/>
      <uri name="urn:tva:metadata:extended:cs:IntendedEducationalUserCS:2005" uri="IntendedEducationalUserCS.xml"/>
      <uri name="urn:tva:metadata:extended:cs:EducationalUseCS:2005" uri="EducationalUseCS.xml"/>
      <uri name="urn:tva:metadata:extended:cs:VirtualMachineCS:2005" uri="VirtualMachineCS.xml"/>
      <uri name="urn:tva:metadata:extended:cs:AccessibilityCS:2005" uri="AccessibilityCS.xml"/>
      <uri name="urn:tva:metadata:extended:cs:WeatherTypeCS:2005" uri="WeatherTypeCS.xml"/>
      <uri name="urn:tva:metadata:extended:cs:CPUTypeCS:2005" uri="CPUTypeCS.xml"/>
   </group>
   <group xml:base="ts_1028220303v010101p0/3-3_CM_2005-06-26/">
      <!-- W3C XML Schemas -->
      <uri name="urn:tva:mpeg21:2005" uri="tva_mpeg21.xsd"/>
   </group>
   <group xml:base="ts_1028220603v010501p0/">
      <!-- W3C XML Schemas -->
      <uri name="urn:tva:profile:2011" uri="tva_profile_exchange_6-3_v151.xsd"/>
   </group>
   <group xml:base="ts_1028220303v010201p0/">
      <!-- W3C XML Schemas -->
      <uri name="urn:tva:metadata:extended:2007" uri="tva2_metadata_3-3_v121.xsd"/>
      <uri name="urn:tva:mpeg21:2007" uri="tva_mpeg21.xsd"/>
      <!-- Classification Schemes -->
      <uri name="urn:tva:metadata:extended:cs:OtherSystemSoftwareCS:2005" uri="OtherSystemSoftwareCS.xml"/>
      <uri name="urn:tva:metadata:extended:cs:ContentTypeCS:2005" uri="ContentTypeCS.xml"/>
      <uri name="urn:tva:metadata:extended:cs:TemporalRelationCS:2005" uri="TemporalrelationCS.xml"/>
      <uri name="urn:tva:metadata:extended:cs:SpatialRelationCS:2005" uri="SpatialRelationCS.xml"/>
      <uri name="urn:tva:metadata:extended:cs:PlaceTypeCS:2005" uri="PlaceTypeCS.xml"/>
      <uri name="urn:tva:metadata:extended:cs:TerminalTypeCS:2005" uri="TerminalTypeCS.xml"/>
      <uri name="urn:tva:metadata:extended:cs:OperatingSystemCS:2007" uri="OperatingSystemCS.xml"/>
      <uri name="urn:tva:metadata:extended:cs:FamilyMemberCS:2005" uri="FamilyMemberCS.xml"/>
      <uri name="urn:tva:metadata:extended:cs:GamePerspectivesCS:2005" uri="GamePerspectivesCS.xml"/>
      <uri name="urn:tva:metadata:extended:cs:MiddlewareServiceCS:2005" uri="MiddlewareServiceCS.xml"/>
      <uri name="urn:tva:metadata:extended:cs:IntendedEducationalUserCS:2005" uri="IntendedEducationalUserCS.xml"/>
      <uri name="urn:tva:metadata:extended:cs:EducationalUseCS:2005" uri="EducationalUseCS.xml"/>
      <uri name="urn:tva:metadata:extended:cs:VirtualMachineCS:2005" uri="VirtualMachineCS.xml"/>
      <uri name="urn:tva:metadata:extended:cs:AccessibilityCS:2005" uri="AccessibilityCS.xml"/>
      <uri name="urn:tva:metadata:extended:cs:WeatherTypeCS:2005" uri="WeatherTypeCS.xml"/>
      <uri name="urn:tva:metadata:extended:cs:CPUTypeCS:2005" uri="CPUTypeCS.xml"/>
   </group>
   <group xml:base="ts_1028220303v010301p0/">
      <!-- W3C XML Schemas -->
      <uri name="urn:tva:metadata:extended:2008" uri="tva2_metadata_3-3_v131.xsd"/>
      <uri name="urn:tva:mpeg21:2008" uri="tva_mpeg21.xsd"/>
      <!-- Classification Schemes -->
      <uri name="urn:tva:metadata:extended:cs:OtherSystemSoftwareCS:2005" uri="OtherSystemSoftwareCS.xml"/>
      <uri name="urn:tva:metadata:extended:cs:ContentTypeCS:2005" uri="ContentTypeCS.xml"/>
      <uri name="urn:tva:metadata:extended:cs:TemporalRelationCS:2005" uri="TemporalrelationCS.xml"/>
      <uri name="urn:tva:metadata:extended:cs:SpatialRelationCS:2005" uri="SpatialRelationCS.xml"/>
      <uri name="urn:tva:metadata:extended:cs:PlaceTypeCS:2005" uri="PlaceTypeCS.xml"/>
      <uri name="urn:tva:metadata:extended:cs:TerminalTypeCS:2005" uri="TerminalTypeCS.xml"/>
      <uri name="urn:tva:metadata:extended:cs:OperatingSystemCS:2007" uri="OperatingSystemCS.xml"/>
      <uri name="urn:tva:metadata:extended:cs:FamilyMemberCS:2005" uri="FamilyMemberCS.xml"/>
      <uri name="urn:tva:metadata:extended:cs:GamePerspectivesCS:2005" uri="GamePerspectivesCS.xml"/>
      <uri name="urn:tva:metadata:extended:cs:MiddlewareServiceCS:2005" uri="MiddlewareServiceCS.xml"/>
      <uri name="urn:tva:metadata:extended:cs:IntendedEducationalUserCS:2005" uri="IntendedEducationalUserCS.xml"/>
      <uri name="urn:tva:metadata:extended:cs:EducationalUseCS:2005" uri="EducationalUseCS.xml"/>
      <uri name="urn:tva:metadata:cs:ChecksumAlgorithmCS:2008" uri="ChecksumAlgorithmCS.xml"/>
      <uri name="urn:tva:metadata:extended:cs:VirtualMachineCS:2005" uri="VirtualMachineCS.xml"/>
      <uri name="urn:tva:metadata:extended:cs:AccessibilityCS:2005" uri="AccessibilityCS.xml"/>
      <uri name="urn:tva:metadata:extended:cs:WeatherTypeCS:2005" uri="WeatherTypeCS.xml"/>
      <uri name="urn:tva:metadata:extended:cs:CPUTypeCS:2005" uri="CPUTypeCS.xml"/>
   </group>
   <group xml:base="ts_1028220603v010601p0/">
      <!-- W3C XML Schemas -->
      <uri name="urn:tva:profile:2012" uri="tva_profile_exchange_6-3_v161.xsd"/>
   </group>
   <group xml:base="ts_1028220304v010101p0/">
      <!-- W3C XML Schemas -->
      <uri name="urn:tva:metadata:interstitial:2005" uri="tva_interstitial_3-4_v111.xsd"/>
   </group>
   <group xml:base="ts_1028220501v010301p0/">
      <!-- Classification Schemes -->
      <uri name="urn:tva:rmpi:cs:CipherCS:2005" uri="CipherCS.xml"/>
   </group>
   <group xml:base="ts_1028220304v010201p0/">
      <!-- W3C XML Schemas -->
      <uri name="urn:tva:metadata:interstitial:2007" uri="tva_interstitial_3-4_v121.xsd"/>
   </group>
   <group xml:base="ts_1028220301v010801p0/">
      <!-- W3C XML Schemas -->
      <uri name="urn:tva:mpeg7:2008" uri="tva_mpeg7_2008.xsd"/>
      <uri name="urn:tva:metadata:2012" uri="tva_metadata_3-1_v181.xsd"/>
      <!-- Classification Schemes -->
      <uri name="urn:tva:metadata:cs:CaptionCodingFormatCS:2010" uri="CaptionCodingFormatCS.xml"/>
      <uri name="urn:tva:metadata:cs:ContentCS:2011" uri="ContentCS.xml"/>
      <uri name="urn:tva:metadata:cs:IntendedAudienceCS:2011" uri="IntendedAudienceCS.xml"/>
      <uri name="urn:tva:metadata:cs:PictureFormatCS:2011" uri="PictureFormatCS.xml"/>
      <uri name="urn:tva:metadata:cs:IntentionCS:2005" uri="IntentionCS.xml"/>
      <uri name="urn:tva:metadata:cs:ContentAlertCS:2005" uri="ContentAlertCS.xml"/>
      <uri name="urn:tva:metadata:cs:OriginationCS:2011" uri="OriginationCS.xml"/>
      <uri name="urn:tva:metadata:cs:TVARoleCS:2011" uri="TVARoleCS.xml"/>
      <uri name="urn:tva:metadata:cs:DerivationReasonCS:2007" uri="DerivationReasonCS.xml"/>
      <uri name="urn:tva:metadata:cs:ActionTypeCS:2010" uri="ActionTypeCS.xml"/>
      <uri name="urn:mpeg:mpeg7:cs:RoleCS:2011" uri="RoleCS.xml"/>
      <uri name="urn:tva:metadata:cs:HowRelatedCS:2012" uri="HowRelatedCS.xml"/>
      <uri name="urn:tva:metadata:cs:FormatCS:2011" uri="FormatCS.xml"/>
      <uri name="urn:tva:metadata:cs:AtmosphereCS:2005" uri="AtmosphereCS.xml"/>
      <uri name="urn:tva:metadata:cs:MediaTypeCS:2010" uri="MediaTypeCS.xml"/>
      <uri name="urn:tva:metadata:cs:UnitTypeCS:2007" uri="UnitTypeCS.xml"/>
      <uri name="urn:tva:metadata:cs:AudioPurposeCS:2007" uri="AudioPurposeCS.xml"/>
      <uri name="urn:tva:metadata:cs:ContentCommercialCS:2005-03" uri="ContentCommercialCS.xml"/>
      <uri name="urn:tva:metadata:cs:PurchaseTypeCS:2004" uri="PurchaseTypeCS.xml"/>
   </group>
   <group xml:base="ts_1028220301v010901p0/">
      <!-- W3C XML Schemas -->
      <uri name="urn:tva:metadata:2015" uri="tva_metadata_3-1.xsd"/>
      <uri name="urn:tva:ndr:2015" uri="tva_ndr_9.xsd"/>
      <uri name="urn:tva:ContentReferencing:2015" uri="tva_content_referencing_4.xsd"/>
      <uri name="urn:tva:CoreData:2015" uri="tva_Core_Data_8.xsd"/>
      <uri name="urn:tva:rmpi:2015" uri="tva_rmpi_5-1.xsd"/>
      <uri name="urn:tva:profile:2015" uri="tva_profile_exchange_6-3.xsd"/>
      <uri name="urn:tva:ResolvingAuthority:2008" uri="tva_resolving_authority_4.xsd"/>
      <uri name="urn:tva:metadata:interstitial:2015" uri="tva_interstitial_3-4.xsd"/>
      <uri name="urn:tva:mpeg7:2008" uri="tva_mpeg7.xsd"/>
      <uri name="urn:tva:metadata:extended:2015" uri="tva2_metadata_3-3.xsd"/>
      <uri name="urn:tva:mpeg21:2015" uri="tva_mpeg21.xsd"/>
      <uri name="urn:tva:transport:2015" uri="tva_transport_6-1.xsd"/>
      <!-- Classification Schemes -->
      <uri name="urn:tva:metadata:cs:CaptionCodingFormatCS:2015" uri="CaptionCodingFormatCS.xml"/>
      <uri name="urn:tva:ndr:cs:DeliveryProtocolTypeCS:2005" uri="DeliveryProtocolTypeCS.xml"/>
      <uri name="urn:tva:metadata:extended:cs:OtherSystemSoftwareCS:2005" uri="OtherSystemSoftwareCS.xml"/>
      <uri name="urn:tva:metadata:cs:ContentCS:2011" uri="ContentCS.xml"/>
      <uri name="urn:tva:metadata:cs:SocialMediaReferenceCS:2015" uri="SocialMediaReferenceCS.xml"/>
      <uri name="urn:tva:metadata:extended:cs:ContentTypeCS:2005" uri="ContentTypeCS.xml"/>
      <uri name="urn:tva:metadata:extended:cs:TemporalRelationCS:2005" uri="TemporalrelationCS.xml"/>
      <uri name="urn:tva:metadata:cs:IntendedAudienceCS:2011" uri="IntendedAudienceCS.xml"/>
      <uri name="urn:tva:metadata:extended:cs:SpatialRelationCS:2005" uri="SpatialRelationCS.xml"/>
      <uri name="urn:tva:metadata:extended:cs:PlaceTypeCS:2011" uri="PlaceTypeCS.xml"/>
      <uri name="urn:tva:metadata:extended:cs:TerminalTypeCS:2011" uri="TerminalTypeCS.xml"/>
      <uri name="urn:tva:metadata:extended:cs:OperatingSystemCS:2007" uri="OperatingSystemCS.xml"/>
      <uri name="urn:tva:metadata:cs:PictureFormatCS:2015" uri="PictureFormatCS.xml"/>
      <uri name="urn:tva:metadata:extended:cs:FamilyMemberCS:2005" uri="FamilyMemberCS.xml"/>
      <uri name="urn:tva:transport:contextNodeIDs:2012" uri="tva_transport_6-1_ContextNodeIDList.xml"/>
      <uri name="urn:tva:metadata:cs:IntentionCS:2005" uri="IntentionCS.xml"/>
      <uri name="urn:tva:metadata:extended:cs:GamePerspectivesCS:2011" uri="GamePerspectivesCS.xml"/>
      <uri name="urn:tva:metadata:cs:ContentAlertCS:2005" uri="ContentAlertCS.xml"/>
      <uri name="urn:tva:ndr:cs:ControlProtocolTypeCS:2005" uri="ControlProtocolTypeCS.xml"/>
      <uri name="urn:tva:metadata:cs:OriginationCS:2011" uri="OriginationCS.xml"/>
      <uri name="urn:tva:metadata:extended:cs:MiddlewareServiceCS:2011" uri="MiddlewareServiceCS.xml"/>
      <uri name="urn:tva:metadata:cs:TVARoleCS:2011" uri="TVARoleCS.xml"/>
      <uri name="urn:tva:metadata:extended:cs:IntendedEducationalUserCS:2011" uri="IntendedEducationalUserCS.xml"/>
      <uri name="urn:tva:rmpi:cs:CipherCS:2005" uri="CipherCS.xml"/>
      <uri name="urn:tva:metadata:cs:DerivationReasonCS:2007" uri="DerivationReasonCS.xml"/>
      <uri name="urn:tva:metadata:cs:ActionTypeCS:2010" uri="ActionTypeCS.xml"/>
      <uri name="urn:tva:metadata:extended:cs:EducationalUseCS:2005" uri="EducationalUseCS.xml"/>
      <uri name="urn:mpeg:mpeg7:cs:RoleCS:2011" uri="RoleCS.xml"/>
      <uri name="urn:tva:metadata:cs:HowRelatedCS:2012" uri="HowRelatedCS.xml"/>
      <uri name="urn:tva:metadata:cs:FormatCS:2011" uri="FormatCS.xml"/>
      <uri name="urn:tva:metadata:cs:ChecksumAlgorithmCS:2008" uri="ChecksumAlgorithmCS.xml"/>
      <uri name="urn:tva:metadata:cs:AtmosphereCS:2005" uri="AtmosphereCS.xml"/>
      <uri name="urn:tva:metadata:cs:MediaTypeCS:2010" uri="MediaTypeCS.xml"/>
      <uri name="urn:tva:metadata:extended:cs:VirtualMachineCS:2005" uri="VirtualMachineCS.xml"/>
      <uri name="urn:tva:metadata:extended:cs:AccessibilityCS:2005" uri="AccessibilityCS.xml"/>
      <uri name="urn:tva:metadata:extended:cs:WeatherTypeCS:2011" uri="WeatherTypeCS.xml"/>
      <uri name="urn:tva:metadata:cs:UnitTypeCS:2007" uri="UnitTypeCS.xml"/>
      <uri name="urn:tva:CoreData:cs:CoreDataActionTypeCS:2005" uri="CoreDataActionTypeCS.xml"/>
      <uri name="urn:tva:metadata:cs:AudioPurposeCS:2007" uri="AudioPurposeCS.xml"/>
      <uri name="urn:tva:metadata:extended:cs:CPUTypeCS:2005" uri="CPUTypeCS.xml"/>
      <uri name="urn:tva:transport:fieldIDs:2012" uri="tva_transport_6-1_FieldIDList.xml"/>
      <uri name="urn:tva:metadata:cs:ContentCommercialCS:2005-03" uri="ContentCommercialCS.xml"/>
      <uri name="urn:tva:metadata:cs:PurchaseTypeCS:2004" uri="PurchaseTypeCS.xml"/>
   </group>
   <group xml:base="ts_1028220304v010301p0/">
      <!-- W3C XML Schemas -->
      <uri name="urn:tva:metadata:interstitial:2008" uri="tva_interstitial_3-4_v131.xsd"/>
   </group>
   <group xml:base="ts_1028220501v010201p0/">
      <!-- Classification Schemes -->
      <uri name="urn:tva:rmpi:cs:CipherCS:2005" uri="CipherCS.xml"/>
   </group>
   <group xml:base="ts_1028220501v010601p0/">
      <!-- Classification Schemes -->
      <uri name="urn:tva:rmpi:cs:CipherCS:2005" uri="CipherCS.xml"/>
   </group>
   <group xml:base="ts_1028220601v010801p0/">
      <!-- W3C XML Schemas -->
      <uri name="urn:tva:transport:2012" uri="tva_transport_6-1_v181.xsd"/>
      <!-- Classification Schemes -->
      <uri name="urn:tva:transport:contextNodeIDs:2012" uri="tva_transport_6-1_ContextNodeIDList_v181.xml"/>
      <uri name="urn:tva:transport:fieldIDs:2012" uri="tva_transport_6-1_FieldIDList_v181.xml"/>
   </group>
   <group xml:base="ts_1028220304v010601p0/">
      <!-- W3C XML Schemas -->
      <uri name="urn:tva:metadata:interstitial:2012" uri="tva_interstitial_3-4_v161.xsd"/>
   </group>
   <group xml:base="ts_1028220501v010701p0/">
      <!-- W3C XML Schemas -->
      <uri name="urn:tva:rmpi:2012" uri="tva_rmpi_5-1_v171.xsd"/>
      <!-- Classification Schemes -->
      <uri name="urn:tva:rmpi:cs:CipherCS:2005" uri="CipherCS.xml"/>
   </group>
   <group xml:base="ts_1028220501v010501p0/">
      <!-- Classification Schemes -->
      <uri name="urn:tva:rmpi:cs:CipherCS:2005" uri="CipherCS.xml"/>
   </group>
   <group xml:base="ts_1028220304v010401p0/">
      <!-- W3C XML Schemas -->
      <uri name="urn:tva:metadata:interstitial:2010" uri="tva_interstitial_3-4_v141.xsd"/>
   </group>
   <group xml:base="ts_1028220304v010501p0/">
      <!-- W3C XML Schemas -->
      <uri name="urn:tva:metadata:interstitial:2011" uri="tva_interstitial_3-4_v151.xsd"/>
   </group>
   <group xml:base="ts_1028220501v010401p0/">
      <!-- Classification Schemes -->
      <uri name="urn:tva:rmpi:cs:CipherCS:2005" uri="CipherCS.xml"/>
   </group>
</catalog>
