<?xml version="1.0" encoding="UTF-8"?>
<ClassificationScheme uri="urn:tva:metadata:cs:CaptionCodingFormatCS:2010">
    <!-- ##################################################################### -->
    <!-- CAPTIONCODINGFORMAT -->
    <!-- ##################################################################### -->
    <Term termID="1">
        <Name xml:lang="en">WST Subtitles</Name>
        <Definition xml:lang="en">World System Teletext subtitles.</Definition>
    </Term>
    <Term termID="2">
        <Name xml:lang="en">DVB Subtitles</Name>
        <Definition xml:lang="en">Digital Video Broadcasting Subtitles [ETSI EN 300 743].</Definition>
        <Term termID="2.1">
            <Name>DVB Subtitles (bitmaps)</Name>
            <Definition>DVB subtitling service containing object_data_segment{}s with object_coding_method=0x00.</Definition>
        </Term>
        <Term termID="2.2">
            <Name>DVB Subtitles (characters)</Name>
            <Definition>DVB subtitling service containing object_data_segment{}s with object_coding_method=0x01.</Definition>
        </Term>
    </Term>
</ClassificationScheme>
